keyword;search_volume;keyword_difficulty;cpc_eur;competition;competition_level;low_top_of_page_bid;high_top_of_page_bid;search_intent;cluster;words_count;trend_quarterly_pct;trend_yearly_pct;traffic_value_eur_month;opportunity_score;variant_group;is_primary
heilpraktiker;33100;42;2.31;0.09;LOW;1.09;3.71;informational;Kernbegriffe;1;83;83;76461.0;18.76;heilpraktiker;1
ausbildung für heilpraktiker;14800;39;4.38;0.79;HIGH;1.2;4.29;informational;Ausbildung & Prüfung;3;-18;-18;64824.0;20.74;ausbildung für heilpraktiker;1
ausbildung heilpraktiker;14800;32;4.38;0.79;HIGH;1.2;4.29;informational;Ausbildung & Prüfung;2;-18;-18;64824.0;24.04;ausbildung heilpraktiker;1
ausbildung zum heilpraktiker;14800;39;4.38;0.79;HIGH;1.2;4.29;informational;Ausbildung & Prüfung;3;-18;-18;64824.0;20.74;ausbildung heilpraktiker;0
heilpraktiker-ausbildung;14800;39;4.38;0.79;HIGH;1.2;4.29;informational;Ausbildung & Prüfung;1;-18;-18;64824.0;20.74;ausbildung heilpraktiker;0
heilpraktiker ausbildung;14800;39;4.38;0.79;HIGH;1.2;4.29;informational;Ausbildung & Prüfung;2;-18;-18;64824.0;20.74;ausbildung heilpraktiker;0
ausbildung als heilpraktiker;14800;39;4.38;0.79;HIGH;1.2;4.29;informational;Ausbildung & Prüfung;3;-18;-18;64824.0;20.74;ausbildung heilpraktiker;0
ausbildung heilpraktiker für psychotherapie;5400;18;4.93;0.89;HIGH;1.77;4.02;informational;Ausbildung & Prüfung;4;;-19;26622.0;22.32;ausbildung heilpraktiker für psychotherapie;1
psychotherapie ausbildung für heilpraktiker;5400;18;4.93;0.89;HIGH;1.77;4.02;informational;Ausbildung & Prüfung;4;;-19;26622.0;22.32;ausbildung heilpraktiker für psychotherapie;0
ausbildung zum heilpraktiker für psychotherapie;5400;18;4.93;0.89;HIGH;1.77;4.02;informational;Ausbildung & Prüfung;5;;-19;26622.0;22.32;ausbildung heilpraktiker für psychotherapie;0
heilpraktiker für psychotherapie ausbildung;5400;18;4.93;0.89;HIGH;1.77;4.02;informational;Ausbildung & Prüfung;4;;-19;26622.0;22.32;ausbildung heilpraktiker für psychotherapie;0
ausbildung heilpraktiker psychotherapie;5400;2;4.93;0.89;HIGH;1.77;4.02;informational;Ausbildung & Prüfung;3;;-19;26622.0;47.83;ausbildung heilpraktiker psychotherapie;1
heilpraktiker ausbildung psychotherapie;5400;18;4.93;0.89;HIGH;1.77;4.02;informational;Ausbildung & Prüfung;3;;-19;26622.0;22.32;ausbildung heilpraktiker psychotherapie;0
psychotherapie ausbildung heilpraktiker;5400;18;4.93;0.89;HIGH;1.77;4.02;informational;Ausbildung & Prüfung;3;;-19;26622.0;22.32;ausbildung heilpraktiker psychotherapie;0
ausbildung zum heilpraktiker psychotherapie;5400;6;4.93;0.89;HIGH;1.77;4.02;informational;Ausbildung & Prüfung;4;;-19;26622.0;37.2;ausbildung heilpraktiker psychotherapie;0
heilpraktiker psychotherapie ausbildung;5400;18;4.93;0.89;HIGH;1.77;4.02;informational;Ausbildung & Prüfung;3;;-19;26622.0;22.32;ausbildung heilpraktiker psychotherapie;0
ausbildung psychotherapeut heilpraktiker;5400;13;4.93;0.89;HIGH;1.77;4.02;informational;Ausbildung & Prüfung;3;;-19;26622.0;26.79;ausbildung psychotherapeut heilpraktiker;1
heilpraktiker psychotherapeut ausbildung;5400;13;4.93;0.89;HIGH;1.77;4.02;informational;Ausbildung & Prüfung;3;;-19;26622.0;26.79;ausbildung psychotherapeut heilpraktiker;0
psychotherapeut heilpraktiker ausbildung;5400;13;4.93;0.89;HIGH;1.77;4.02;informational;Ausbildung & Prüfung;3;;-19;26622.0;26.79;ausbildung psychotherapeut heilpraktiker;0
heilpraktiker in meiner nähe;5400;7;0.62;0.19;LOW;0.53;1.5;navigational;Lokale Suche;4;50;125;3348.0;9.63;heilpraktiker in meiner nähe;1
heilpraktiker zusatzversicherung;3600;18;4.16;0.79;HIGH;1.47;4.42;commercial;Versicherung & Kostenerstattung;2;-17;-33;14976.0;15.54;heilpraktiker zusatzversicherung;1
zusatzversicherung heilpraktiker;3600;8;4.16;0.79;HIGH;1.47;4.42;commercial;Versicherung & Kostenerstattung;2;-17;-33;14976.0;23.31;heilpraktiker zusatzversicherung;0
zusatzversicherungen heilpraktiker;3600;24;4.16;0.79;HIGH;1.47;4.42;commercial;Versicherung & Kostenerstattung;2;-17;-33;14976.0;12.95;heilpraktiker zusatzversicherung;0
heilpraktiker zusatzversicherungen;3600;16;4.16;0.79;HIGH;1.47;4.42;commercial;Versicherung & Kostenerstattung;2;-17;-33;14976.0;16.65;heilpraktiker zusatzversicherung;0
heilpraktiker-zusatzversicherung;3600;18;4.16;0.79;HIGH;1.47;4.42;commercial;Versicherung & Kostenerstattung;1;-17;-33;14976.0;15.54;heilpraktiker zusatzversicherung;0
naturheilkunde;3600;41;1.6;0.28;LOW;0.89;2.89;informational;Kernbegriffe;1;-34;-34;5760.0;4.43;naturheilkunde;1
naturheilkunde tier;3600;;2.68;0.08;LOW;0.73;3.49;informational;Tierheilkunde;2;;;9648.0;10.39;naturheilkunde tier;1
tier naturheilkunde;3600;;2.68;0.08;LOW;0.73;3.49;informational;Tierheilkunde;2;;;9648.0;10.39;naturheilkunde tier;0
naturheilkunde bei tieren;3600;;2.68;0.08;LOW;0.73;3.49;informational;Tierheilkunde;3;;;9648.0;10.39;naturheilkunde tier;0
naturheilkunde tiere;3600;;2.68;0.08;LOW;0.73;3.49;informational;Tierheilkunde;2;;;9648.0;10.39;naturheilkunde tiere;1
zusatzversicherung für heilpraktiker;3600;16;4.16;0.79;HIGH;1.47;4.42;commercial;Versicherung & Kostenerstattung;3;-17;-33;14976.0;16.65;zusatzversicherung für heilpraktiker;1
zusatzversicherungen für heilpraktiker;3600;12;4.16;0.79;HIGH;1.47;4.42;commercial;Versicherung & Kostenerstattung;3;-17;-33;14976.0;19.43;zusatzversicherung für heilpraktiker;0
tier heilpraktiker;2900;35;5.33;0.43;MEDIUM;1.71;5.66;informational;Tierheilkunde;2;-17;-17;15457.0;10.8;tier heilpraktiker;1
ausbildung heilpraktiker kosten;2400;;3.35;0.73;HIGH;0.77;2.91;informational;Ausbildung & Prüfung;3;-16;-33;8040.0;9.83;ausbildung heilpraktiker kosten;1
kosten ausbildung heilpraktiker;2400;;3.35;0.73;HIGH;0.77;2.91;informational;Ausbildung & Prüfung;3;-16;-33;8040.0;9.83;ausbildung heilpraktiker kosten;0
heilpraktiker-ausbildung kosten;2400;;3.35;0.73;HIGH;0.77;2.91;informational;Ausbildung & Prüfung;2;-16;-33;8040.0;9.83;ausbildung heilpraktiker kosten;0
heilpraktiker kosten ausbildung;2400;;3.35;0.73;HIGH;0.77;2.91;informational;Ausbildung & Prüfung;3;-16;-33;8040.0;9.83;ausbildung heilpraktiker kosten;0
ausbildung-heilpraktiker kosten;2400;;3.35;0.73;HIGH;0.77;2.91;informational;Ausbildung & Prüfung;2;-16;-33;8040.0;9.83;ausbildung heilpraktiker kosten;0
heilpraktiker ausbildung kosten;2400;;3.35;0.73;HIGH;0.77;2.91;informational;Ausbildung & Prüfung;;-16;-33;8040.0;9.83;ausbildung heilpraktiker kosten;0
ausbildung zum heilpraktiker kosten;2400;;3.35;0.73;HIGH;0.77;2.91;informational;Ausbildung & Prüfung;4;-16;-33;8040.0;9.83;ausbildung heilpraktiker kosten;0
heilpraktiker ausbildung kostenlos;2400;;3.35;0.73;HIGH;0.77;2.91;informational;Ausbildung & Prüfung;;-16;-33;8040.0;9.83;heilpraktiker ausbildung kostenlos;1
heilpraktiker sektoral;2400;;1.95;0.08;LOW;0.46;2.38;navigational;Sektoraler Heilpraktiker;2;-21;;4680.0;6.66;heilpraktiker sektoral;1
sektoralen heilpraktiker;2400;;1.95;0.08;LOW;0.46;2.38;navigational;Sektoraler Heilpraktiker;2;-21;;4680.0;6.66;heilpraktiker sektoral;0
sektoraler heilpraktiker;2400;;1.95;0.08;LOW;0.46;2.38;informational;Sektoraler Heilpraktiker;2;-21;;4680.0;6.66;heilpraktiker sektoral;0
sektorale heilpraktiker;2400;;1.95;0.08;LOW;0.46;2.38;informational;Sektoraler Heilpraktiker;2;-21;;4680.0;6.66;heilpraktiker sektoral;0
sektoral heilpraktiker;2400;;1.95;0.08;LOW;0.46;2.38;navigational;Sektoraler Heilpraktiker;2;-21;;4680.0;6.66;heilpraktiker sektoral;0
komjun naturheilkunde frauengesundheit yoga dein ort der ganzheitlichkeit;1900;4;0.25;0.08;LOW;;;commercial;Marken- & Praxisnamen;8;-32;-19;475.0;4.97;komjun naturheilkunde frauengesundheit yoga dein ort der ganzheitlichkeit;1
berlin heilpraktiker;1600;31;1.31;0.32;LOW;0.71;1.77;informational;Lokale Suche;2;-23;-47;2096.0;3.11;berlin heilpraktiker;1
heilpraktiker berlin;1600;31;1.31;0.32;LOW;0.71;1.77;informational;Lokale Suche;2;-23;-47;2096.0;3.11;berlin heilpraktiker;0
heilpraktiker münch;1600;43;1.75;0.46;MEDIUM;0.86;1.9;informational;Marken- & Praxisnamen;2;-38;-38;2800.0;2.89;heilpraktiker münch;1
heilpraktiker münchen;1600;43;1.75;0.46;MEDIUM;0.86;1.9;informational;Lokale Suche;2;-38;-38;2800.0;2.89;heilpraktiker münch;0
was machen heilpraktiker;1600;3;1.71;0.07;LOW;0.24;1.66;informational;Marken- & Praxisnamen;3;-19;-19;2736.0;10.45;was machen heilpraktiker;1
was macht heilpraktiker;1600;6;1.71;0.07;LOW;0.24;1.66;informational;Informational / Erklärung;3;-19;-19;2736.0;8.71;was macht heilpraktiker;1
was macht ein heilpraktiker;1600;;1.71;0.07;LOW;0.24;1.66;informational;Informational / Erklärung;4;-19;-19;2736.0;4.9;was macht heilpraktiker;0
gebührenordnung für heilpraktiker;1300;15;0.05;0.07;LOW;0.02;0.06;informational;Praxisbetrieb & Kosten;3;;-38;65.0;2.01;gebührenordnung für heilpraktiker;1
gebührenordnung heilpraktiker;1300;12;0.05;0.07;LOW;0.02;0.06;informational;Praxisbetrieb & Kosten;2;;-38;65.0;2.26;gebührenordnung heilpraktiker;1
heilpraktiker gebührenordnung;1300;13;0.05;0.07;LOW;0.02;0.06;informational;Praxisbetrieb & Kosten;2;;-38;65.0;2.17;gebührenordnung heilpraktiker;0
gebührenordnung der heilpraktiker;1300;7;0.05;0.07;LOW;0.02;0.06;informational;Praxisbetrieb & Kosten;3;;-38;65.0;2.85;gebührenordnung heilpraktiker;0
gebührenverordnung für heilpraktiker;1300;15;0.05;0.07;LOW;0.02;0.06;commercial;Praxisbetrieb & Kosten;3;;-38;65.0;2.01;gebührenverordnung für heilpraktiker;1
gebührenverordnung heilpraktiker;1300;6;0.05;0.07;LOW;0.02;0.06;informational;Praxisbetrieb & Kosten;2;;-38;65.0;3.01;gebührenverordnung heilpraktiker;1
heilpraktiker leipzig;1300;25;1.24;0.23;LOW;0.45;1.61;navigational;Lokale Suche;2;-45;-32;1612.0;3.12;heilpraktiker leipzig;1
leipzig heilpraktiker;1300;25;1.24;0.23;LOW;0.45;1.61;navigational;Lokale Suche;2;-45;-32;1612.0;3.12;heilpraktiker leipzig;0
akademie naturheilkunde;1000;14;2.3;0.21;LOW;1.04;3.15;informational;Ausbildung & Prüfung;2;;-23;2300.0;5.67;akademie naturheilkunde;1
naturheilkunde akademie;1000;28;2.3;0.21;LOW;1.04;3.15;informational;Ausbildung & Prüfung;2;;-23;2300.0;3.69;akademie naturheilkunde;0
akademie der naturheilkunde;1000;14;2.3;0.21;LOW;1.04;3.15;informational;Ausbildung & Prüfung;3;;-23;2300.0;5.67;akademie naturheilkunde;0
ausbildung heilpraktiker online;1000;9;9.87;0.88;HIGH;2.77;8.04;informational;Ausbildung & Prüfung;3;-12;-12;9870.0;23.12;ausbildung heilpraktiker online;1
online-ausbildung heilpraktiker;1000;9;9.87;0.88;HIGH;2.77;8.04;informational;Ausbildung & Prüfung;2;-12;-12;9870.0;23.12;ausbildung heilpraktiker online;0
heilpraktiker online ausbildung;1000;9;9.87;0.88;HIGH;2.77;8.04;informational;Ausbildung & Prüfung;3;-12;-12;9870.0;23.12;ausbildung heilpraktiker online;0
online heilpraktiker-ausbildung;1000;9;9.87;0.88;HIGH;2.77;8.04;commercial;Ausbildung & Prüfung;2;-12;-12;9870.0;23.12;ausbildung heilpraktiker online;0
online heilpraktiker ausbildung;1000;9;9.87;0.88;HIGH;2.77;8.04;informational;Ausbildung & Prüfung;3;-12;-12;9870.0;23.12;ausbildung heilpraktiker online;0
online ausbildung heilpraktiker;1000;9;9.87;0.88;HIGH;2.77;8.04;informational;Ausbildung & Prüfung;3;-12;-12;9870.0;23.12;ausbildung heilpraktiker online;0
heilpraktiker online-ausbildung;1000;9;9.87;0.88;HIGH;2.77;8.04;informational;Ausbildung & Prüfung;2;-12;-12;9870.0;23.12;ausbildung heilpraktiker online;0
heilpraktiker ausbildung online;1000;9;9.87;0.88;HIGH;2.77;8.04;informational;Ausbildung & Prüfung;3;-12;-12;9870.0;23.12;ausbildung heilpraktiker online;0
heilpraktiker als physiotherapeut;1000;;1.69;0.14;LOW;0.48;1.93;informational;Sektoraler Heilpraktiker;3;-23;;1690.0;3.75;heilpraktiker als physiotherapeut;1
heilpraktiker für osteopathen;1000;8;1;0.12;LOW;0.44;1.37;informational;Methoden & Therapien;3;-18;-28;1000;4.47;heilpraktiker für osteopathen;1
heilpraktiker jobs;1000;;0.42;0.2;LOW;0.08;0.74;informational;Jobs & Gehalt;;-18;-28;420.0;1.98;heilpraktiker jobs;1
jobs als heilpraktiker;1000;;0.42;0.2;LOW;0.08;0.74;informational;Jobs & Gehalt;3;-18;-28;420.0;1.98;heilpraktiker jobs;0
heilpraktiker köln;1000;17;2.36;0.31;LOW;0.56;2.62;navigational;Lokale Suche;2;-28;-28;2360.0;5.18;heilpraktiker köln;1
köln heilpraktiker;1000;15;2.36;0.31;LOW;0.56;2.62;navigational;Lokale Suche;2;-28;-28;2360.0;5.56;heilpraktiker köln;0
heilpraktiker nürnberg;1000;14;2.4;0.26;LOW;0.89;2.48;navigational;Lokale Suche;2;;-28;2400.0;5.84;heilpraktiker nürnberg;1
nürnberg heilpraktiker;1000;9;2.4;0.26;LOW;0.89;2.48;navigational;Lokale Suche;2;;-28;2400.0;7.23;heilpraktiker nürnberg;0
job für heilpraktiker;1000;;0.42;0.2;LOW;0.08;0.74;informational;Jobs & Gehalt;3;-18;-28;420.0;1.98;job für heilpraktiker;1
job heilpraktiker;1000;;0.42;0.2;LOW;0.08;0.74;informational;Jobs & Gehalt;2;-18;-28;420.0;1.98;job heilpraktiker;1
job als heilpraktiker;1000;;0.42;0.2;LOW;0.08;0.74;transactional;Jobs & Gehalt;3;-18;-28;420.0;1.98;job heilpraktiker;0
jobs für heilpraktiker;1000;;0.42;0.2;LOW;0.08;0.74;informational;Jobs & Gehalt;3;-18;-28;420.0;1.98;jobs für heilpraktiker;1
bremen heilpraktiker;880;2;2.13;0.28;LOW;0.62;3.4;informational;Lokale Suche;2;-33;-45;1874.4;9.31;bremen heilpraktiker;1
heilpraktiker bremen;880;6;2.13;0.28;LOW;0.62;3.4;informational;Lokale Suche;2;-33;-45;1874.4;7.24;bremen heilpraktiker;0
dortmund heilpraktiker;880;1;0.91;0.27;LOW;0.4;2.85;navigational;Lokale Suche;2;-33;-33;800.8;6.12;dortmund heilpraktiker;1
heilpraktiker dortmund;880;1;0.91;0.27;LOW;0.4;2.85;informational;Lokale Suche;2;-33;-33;800.8;6.12;dortmund heilpraktiker;0
frankfurt heilpraktiker;880;12;1.48;0.21;LOW;0.59;2.86;navigational;Lokale Suche;2;-28;-28;1302.4;4.3;frankfurt heilpraktiker;1
heilpraktiker frankfurt;880;12;1.48;0.21;LOW;0.59;2.86;navigational;Lokale Suche;2;-28;-28;1302.4;4.3;frankfurt heilpraktiker;0
heilpraktiker englisch;880;;0.0;0;LOW;;;informational;Informational / Erklärung;2;-18;-18;0.0;1.3;heilpraktiker englisch;1
heilpraktiker auf englisch;880;;0.0;0;LOW;;;informational;Informational / Erklärung;3;-18;-18;0.0;1.3;heilpraktiker englisch;0
heilpraktiker hamburg;880;38;1.78;0.37;MEDIUM;0.65;1.89;navigational;Lokale Suche;2;;-18;1566.4;2.31;heilpraktiker hamburg;1
heilpraktiker kosten;880;7;0.61;0.03;LOW;0.37;1.91;informational;Praxisbetrieb & Kosten;2;-18;-28;536.8;3.53;heilpraktiker kosten;1
heilpraktiker-kosten;880;6;0.61;0.03;LOW;0.37;1.91;commercial;Praxisbetrieb & Kosten;1;-18;-28;536.8;3.72;heilpraktiker kosten;0
kosten heilpraktiker;880;6;0.61;0.03;LOW;0.37;1.91;informational;Praxisbetrieb & Kosten;2;-18;-28;536.8;3.72;heilpraktiker kosten;0
heilpraktiker prüfung;880;45;1.95;0.66;MEDIUM;0.37;1.96;informational;Ausbildung & Prüfung;;;;1716.0;2.15;heilpraktiker prüfung;1
heilpraktiker prüfungen;880;;1.95;0.66;MEDIUM;0.37;1.96;informational;Ausbildung & Prüfung;2;;;1716.0;3.84;heilpraktiker prüfung;0
heilpraktiker-prüfung;880;22;1.95;0.66;MEDIUM;0.37;1.96;informational;Ausbildung & Prüfung;1;;;1716.0;3.61;heilpraktiker prüfung;0
heilpraktiker sektoral physiotherapie;880;;2.28;0.21;LOW;0.42;2.07;informational;Sektoraler Heilpraktiker;3;;69;2006.4;4.27;heilpraktiker sektoral physiotherapie;1
heilpraktiker werden;880;39;5.96;0.78;HIGH;1.3;4.44;informational;Ausbildung & Prüfung;2;-18;-28;5244.8;5.68;heilpraktiker werden;1
heilpraktiker wuppertal;880;9;0.56;0.2;LOW;0.35;1.54;navigational;Lokale Suche;2;-70;-34;492.8;3.09;heilpraktiker wuppertal;1
wuppertal heilpraktiker;880;9;0.56;0.2;LOW;0.35;1.54;navigational;Lokale Suche;2;-70;-34;492.8;3.09;heilpraktiker wuppertal;0
kosten beim heilpraktiker;880;7;0.61;0.03;LOW;0.37;1.91;informational;Praxisbetrieb & Kosten;3;-18;-28;536.8;3.53;kosten beim heilpraktiker;1
kosten für heilpraktiker;880;7;0.61;0.03;LOW;0.37;1.91;informational;Praxisbetrieb & Kosten;3;-18;-28;536.8;3.53;kosten für heilpraktiker;1
arzt für naturheilkunde;720;33;0.87;0.02;LOW;0.49;1.52;informational;Ärzte, Kliniken & Schulmedizin;3;644;303;626.4;1.55;arzt für naturheilkunde;1
arzt naturheilkunde;720;7;0.87;0.02;LOW;0.49;1.52;informational;Ärzte, Kliniken & Schulmedizin;2;644;303;626.4;3.67;arzt naturheilkunde;1
naturheilkunde arzt;720;12;0.87;0.02;LOW;0.49;1.52;informational;Ärzte, Kliniken & Schulmedizin;2;644;303;626.4;2.91;arzt naturheilkunde;0
ausbildung heilpraktiker dauer;720;16;2.33;0.63;MEDIUM;0.66;1.91;informational;Ausbildung & Prüfung;3;-18;-18;1677.6;4.43;ausbildung heilpraktiker dauer;1
heilpraktiker ausbildung dauer;720;16;2.33;0.63;MEDIUM;0.66;1.91;informational;Ausbildung & Prüfung;3;-18;-18;1677.6;4.43;ausbildung heilpraktiker dauer;0
ausbildung zum heilpraktiker dauer;720;16;2.33;0.63;MEDIUM;0.66;1.91;informational;Ausbildung & Prüfung;4;-18;-18;1677.6;4.43;ausbildung heilpraktiker dauer;0
bielefeld heilpraktiker;720;1;1.57;0.15;LOW;0.36;2.03;informational;Lokale Suche;2;-33;-33;1130.4;7.37;bielefeld heilpraktiker;1
heilpraktiker bielefeld;720;1;1.57;0.15;LOW;0.36;2.03;informational;Lokale Suche;2;-33;-33;1130.4;7.37;bielefeld heilpraktiker;0
essen heilpraktiker;720;19;0.63;0.19;LOW;0.56;3.57;informational;Lokale Suche;2;-18;-18;453.6;1.96;essen heilpraktiker;1
heilpraktiker essen;720;19;0.63;0.19;LOW;0.56;3.57;informational;Lokale Suche;2;-18;-18;453.6;1.96;essen heilpraktiker;0
essen klinik für naturheilkunde;720;3;1.1;0.02;LOW;;;navigational;Ärzte, Kliniken & Schulmedizin;4;-18;-18;792.0;5.22;essen klinik für naturheilkunde;1
klinik für naturheilkunde essen;720;9;1.1;0.02;LOW;;;navigational;Ärzte, Kliniken & Schulmedizin;4;-18;-18;792.0;3.73;essen klinik für naturheilkunde;0
essen naturheilkunde klinik;720;5;1.1;0.02;LOW;;;informational;Ärzte, Kliniken & Schulmedizin;3;-18;-18;792.0;4.61;essen naturheilkunde klinik;1
klinik naturheilkunde essen;720;11;1.1;0.02;LOW;;;navigational;Ärzte, Kliniken & Schulmedizin;3;-18;-18;792.0;3.4;essen naturheilkunde klinik;0
klinik essen naturheilkunde;720;5;1.1;0.02;LOW;;;navigational;Ärzte, Kliniken & Schulmedizin;3;-18;-18;792.0;4.61;essen naturheilkunde klinik;0
naturheilkunde klinik essen;720;1;1.1;0.02;LOW;;;navigational;Ärzte, Kliniken & Schulmedizin;3;-18;-18;792.0;6.02;essen naturheilkunde klinik;0
naturheilkunde essen klinik;720;10;1.1;0.02;LOW;;;navigational;Ärzte, Kliniken & Schulmedizin;3;-18;-18;792.0;3.56;essen naturheilkunde klinik;0
gehalt heilpraktiker;720;;1.13;0.03;LOW;0.13;2.29;informational;Jobs & Gehalt;2;-19;-45;813.6;2.48;gehalt heilpraktiker;1
heilpraktiker gehalt;720;;1.13;0.03;LOW;0.13;2.29;informational;Jobs & Gehalt;;-19;-45;813.6;2.48;gehalt heilpraktiker;0
heilpraktiker für hunde;720;12;2.66;0.3;LOW;0.73;3.53;informational;Tierheilkunde;3;;-52;1915.2;5.69;heilpraktiker für hunde;1
heilpraktiker hannover;720;14;1.5;0.34;MEDIUM;0.52;1.73;navigational;Lokale Suche;2;-18;-33;1080.0;3.59;heilpraktiker hannover;1
heilpraktiker hund;720;37;2.66;0.3;LOW;0.73;3.53;informational;Tierheilkunde;2;;-52;1915.2;2.78;heilpraktiker hund;1
heilpraktiker hunde;720;37;2.66;0.3;LOW;0.73;3.53;informational;Tierheilkunde;2;;-52;1915.2;2.78;heilpraktiker hunde;1
heilpraktiker münster;720;;0.77;0.19;LOW;0.39;1.34;navigational;Lokale Suche;2;-18;;554.4;2.06;heilpraktiker münster;1
münster heilpraktiker;720;;0.77;0.19;LOW;0.39;1.34;navigational;Lokale Suche;2;-18;;554.4;2.06;heilpraktiker münster;0
heilpraktiker psychotherapie prüfung;720;6;1.92;1;HIGH;0.83;2.44;informational;Ausbildung & Prüfung;3;-18;;1382.4;6.05;heilpraktiker psychotherapie prüfung;1
heilpraktiker psychotherapie prüfungen;720;1;1.92;1;HIGH;0.83;2.44;informational;Ausbildung & Prüfung;3;-18;;1382.4;8.37;heilpraktiker psychotherapie prüfung;0
prüfung heilpraktiker psychotherapie;720;32;1.92;1;HIGH;0.83;2.44;informational;Ausbildung & Prüfung;3;-18;;1382.4;2.47;heilpraktiker psychotherapie prüfung;0
naturheilkunde bei tiere;720;;0.6;0.18;LOW;0.65;1.23;informational;Tierheilkunde;3;-18;-33;432.0;1.86;naturheilkunde bei tiere;1
naturheilkunde fuer tiere;720;;0.6;0.18;LOW;0.65;1.23;informational;Tierheilkunde;3;-18;-33;432.0;1.86;naturheilkunde bei tiere;0
naturheilkunde für tiere;720;;0.6;0.18;LOW;0.65;1.23;informational;Tierheilkunde;3;-18;-33;432.0;1.86;naturheilkunde für tiere;1
naturheilkunde ärzte;720;17;0.87;0.02;LOW;0.49;1.52;informational;Ärzte, Kliniken & Schulmedizin;2;644;303;626.4;2.4;naturheilkunde ärzte;1
ärzte mit naturheilkunde;720;7;0.87;0.02;LOW;0.49;1.52;commercial;Ärzte, Kliniken & Schulmedizin;3;644;303;626.4;3.67;naturheilkunde ärzte;0
ärzte naturheilkunde;720;14;0.87;0.02;LOW;0.49;1.52;informational;Ärzte, Kliniken & Schulmedizin;2;644;303;626.4;2.68;naturheilkunde ärzte;0
prüfung für heilpraktiker psychotherapie;720;10;1.92;1;HIGH;0.83;2.44;informational;Ausbildung & Prüfung;4;-18;;1382.4;4.95;prüfung für heilpraktiker psychotherapie;1
prüfung zum heilpraktiker für psychotherapie;720;32;1.92;1;HIGH;0.83;2.44;informational;Ausbildung & Prüfung;5;-18;;1382.4;2.47;prüfung für heilpraktiker psychotherapie;0
psychologischer heilpraktiker;720;12;3.97;0.69;HIGH;1.1;3.39;informational;Heilpraktiker Psychotherapie;2;-18;-18;2858.4;7.72;psychologischer heilpraktiker;1
was ist ein heilpraktiker;720;19;1.69;0.03;LOW;0.43;1.69;informational;Informational / Erklärung;4;;;1216.8;3.24;was ist ein heilpraktiker;1
was sind heilpraktiker;720;9;1.69;0.03;LOW;0.43;1.69;informational;Marken- & Praxisnamen;3;;;1216.8;4.78;was sind heilpraktiker;1
ärzte für naturheilkunde;720;23;0.87;0.02;LOW;0.49;1.52;informational;Ärzte, Kliniken & Schulmedizin;3;644;303;626.4;1.99;ärzte für naturheilkunde;1
ärztin für naturheilkunde;720;23;0.87;0.02;LOW;0.49;1.52;informational;Ärzte, Kliniken & Schulmedizin;3;644;303;626.4;1.99;ärztin für naturheilkunde;1
ärztin naturheilkunde;720;23;0.87;0.02;LOW;0.49;1.52;informational;Ärzte, Kliniken & Schulmedizin;2;644;303;626.4;1.99;ärztin naturheilkunde;1
ausbildung heilpraktiker berlin;590;35;4.56;0.78;HIGH;2.02;4.2;informational;Ausbildung & Prüfung;3;-19;-46;2690.4;3.95;ausbildung heilpraktiker berlin;1
berlin heilpraktiker ausbildung;590;35;4.56;0.78;HIGH;2.02;4.2;informational;Ausbildung & Prüfung;3;-19;-46;2690.4;3.95;ausbildung heilpraktiker berlin;0
heilpraktiker berlin ausbildung;590;35;4.56;0.78;HIGH;2.02;4.2;informational;Ausbildung & Prüfung;3;-19;-46;2690.4;3.95;ausbildung heilpraktiker berlin;0
heilpraktiker ausbildung berlin;590;18;4.56;0.78;HIGH;2.02;4.2;informational;Ausbildung & Prüfung;3;-19;-46;2690.4;6.19;ausbildung heilpraktiker berlin;0
ausbildung naturheilkunde;590;45;3.33;0.81;HIGH;1.19;3.28;informational;Ausbildung & Prüfung;2;;-33;1964.7;2.54;ausbildung naturheilkunde;1
ausbildungen naturheilkunde;590;39;3.33;0.81;HIGH;1.19;3.28;informational;Ausbildung & Prüfung;2;;-33;1964.7;2.84;ausbildung naturheilkunde;0
naturheilkunde ausbildung;590;46;3.33;0.81;HIGH;1.19;3.28;informational;Ausbildung & Prüfung;2;;-33;1964.7;2.49;ausbildung naturheilkunde;0
gebührenverzeichnis für heilpraktiker;590;8;0.05;0.04;LOW;0.02;0.08;informational;Praxisbetrieb & Kosten;3;;-34;29.5;1.75;gebührenverzeichnis für heilpraktiker;1
gebührenverzeichnis heilpraktiker;590;12;0.05;0.04;LOW;0.02;0.08;informational;Praxisbetrieb & Kosten;2;;-34;29.5;1.46;gebührenverzeichnis heilpraktiker;1
heilpraktiker braunschweig;590;8;1.21;0.27;LOW;0.44;4.12;informational;Lokale Suche;2;-19;-46;713.9;3.69;heilpraktiker braunschweig;1
heilpraktiker prüfungsfragen;590;;0.65;1;HIGH;0.1;1.11;informational;Ausbildung & Prüfung;2;-19;-19;383.5;1.72;heilpraktiker prüfungsfragen;1
prüfungsfragen heilpraktiker;590;;0.65;1;HIGH;0.1;1.11;informational;Ausbildung & Prüfung;2;-19;-19;383.5;1.72;heilpraktiker prüfungsfragen;0
heilpraktiker rostock;590;;1.27;0.06;LOW;;;informational;Lokale Suche;2;;-19;749.3;2.37;heilpraktiker rostock;1
rostock heilpraktiker;590;;1.27;0.06;LOW;;;navigational;Lokale Suche;2;;-19;749.3;2.37;heilpraktiker rostock;0
heilpraktiker stellenangebot;590;;0.39;0.27;LOW;0.09;0.69;informational;Jobs & Gehalt;2;-19;-46;230.1;1.45;heilpraktiker stellenangebot;1
heilpraktiker stellenangebote;590;;0.39;0.27;LOW;0.09;0.69;informational;Jobs & Gehalt;;-19;-46;230.1;1.45;heilpraktiker stellenangebot;0
stellenangebote heilpraktiker;590;;0.39;0.27;LOW;0.09;0.69;informational;Jobs & Gehalt;2;-19;-46;230.1;1.45;heilpraktiker stellenangebot;0
stellenangebot heilpraktiker;590;;0.39;0.27;LOW;0.09;0.69;informational;Jobs & Gehalt;2;-19;-46;230.1;1.45;heilpraktiker stellenangebot;0
immanuel zentrum für naturheilkunde;590;13;0.0;0.03;LOW;;;navigational;Marken- & Praxisnamen;4;23;-33;0.0;1.34;immanuel zentrum für naturheilkunde;1
naturheilpraxis trippen;590;;0.0;0.01;LOW;;;informational;Marken- & Praxisnamen;2;;-33;0.0;1.04;naturheilpraxis trippen;1
trippen naturheilpraxis;590;;0.0;0.01;LOW;;;informational;Marken- & Praxisnamen;2;;-33;0.0;1.04;naturheilpraxis trippen;0
prüfung für heilpraktiker;590;10;1.92;0.59;MEDIUM;0.41;2.11;informational;Ausbildung & Prüfung;3;-33;-33;1132.8;4.44;prüfung für heilpraktiker;1
prüfung zum heilpraktiker;590;4;1.92;0.59;MEDIUM;0.41;2.11;informational;Ausbildung & Prüfung;3;-33;-33;1132.8;6.1;prüfung zum heilpraktiker;1
stellenangebote für heilpraktiker;590;;0.39;0.27;LOW;0.09;0.69;informational;Jobs & Gehalt;3;-19;-46;230.1;1.45;stellenangebote für heilpraktiker;1
wie wird man heilpraktiker;590;14;2.82;0.72;HIGH;0.62;2.57;informational;Informational / Erklärung;4;-19;-19;1663.8;4.91;wie wird man heilpraktiker;1
zentrum für naturheilkunde zfn gmbh;590;4;9.9;0.07;LOW;1.2;2.37;informational;Marken- & Praxisnamen;5;-18;181;5841.0;22.77;zentrum für naturheilkunde zfn gmbh;1
bonn heilpraktiker;480;2;0.89;0.16;LOW;0.42;2.53;informational;Lokale Suche;2;-46;-46;427.2;4.03;bonn heilpraktiker;1
heilpraktiker bonn;480;2;0.89;0.16;LOW;0.42;2.53;informational;Lokale Suche;2;-46;-46;427.2;4.03;bonn heilpraktiker;0
buch heilpraktiker;480;;0.66;1;HIGH;0.19;1.74;informational;Bücher & Medien;2;-33;-18;316.8;1.55;buch heilpraktiker;1
bücher heilpraktiker;480;;0.66;1;HIGH;0.19;1.74;informational;Bücher & Medien;2;-33;-18;316.8;1.55;buch heilpraktiker;0
heilpraktiker bücher;480;;0.66;1;HIGH;0.19;1.74;informational;Bücher & Medien;2;-33;-18;316.8;1.55;buch heilpraktiker;0
heilpraktiker buch;480;;0.66;1;HIGH;0.19;1.74;informational;Bücher & Medien;2;-33;-18;316.8;1.55;buch heilpraktiker;0
bücher für heilpraktiker;480;;0.66;1;HIGH;0.19;1.74;informational;Bücher & Medien;3;-33;-18;316.8;1.55;bücher für heilpraktiker;1
chemnitz heilpraktiker;480;9;0.88;0.3;LOW;0.38;1.03;informational;Lokale Suche;2;-33;-33;422.4;2.67;chemnitz heilpraktiker;1
heilpraktiker chemnitz;480;9;0.88;0.3;LOW;0.38;1.03;informational;Lokale Suche;2;-33;-33;422.4;2.67;chemnitz heilpraktiker;0
fernstudium heilpraktiker;480;15;16.42;0.79;HIGH;4.36;15.37;informational;Ausbildung & Prüfung;2;;-56;7881.6;19.25;fernstudium heilpraktiker;1
heilpraktiker im fernstudium;480;16;16.42;0.79;HIGH;4.36;15.37;informational;Ausbildung & Prüfung;3;;-56;7881.6;18.56;fernstudium heilpraktiker;0
heilpraktiker fernstudium;480;22;16.42;0.79;HIGH;4.36;15.37;informational;Ausbildung & Prüfung;2;;-56;7881.6;15.28;fernstudium heilpraktiker;0
fernstudium zum heilpraktiker;480;16;16.42;0.79;HIGH;4.36;15.37;informational;Ausbildung & Prüfung;3;;-56;7881.6;18.56;fernstudium heilpraktiker;0
freiburg heilpraktiker;480;22;0.99;0.27;LOW;0.38;1.36;navigational;Lokale Suche;2;-18;-33;475.2;1.75;freiburg heilpraktiker;1
heilpraktiker freiburg;480;33;0.99;0.27;LOW;0.38;1.36;navigational;Lokale Suche;2;-18;-33;475.2;1.32;freiburg heilpraktiker;0
heilbronn heilpraktiker;480;;1.05;0.35;MEDIUM;0.48;1.31;navigational;Lokale Suche;2;-19;-34;504.0;1.91;heilbronn heilpraktiker;1
heilpraktiker heilbronn;480;4;1.05;0.35;MEDIUM;0.48;1.31;navigational;Lokale Suche;2;-19;-34;504.0;3.82;heilbronn heilpraktiker;0
heilpraktiker alexander sellentin;480;;0.0;0.02;LOW;;;informational;Marken- & Praxisnamen;3;23;51;0.0;0.93;heilpraktiker alexander sellentin;1
heilpraktiker bei kinderwunsch;480;;1.39;0.33;LOW;0.57;1.77;informational;Beschwerden & Indikationen;3;;-19;667.2;2.23;heilpraktiker bei kinderwunsch;1
heilpraktiker bochum;480;;0.99;0.28;LOW;0.55;2.73;navigational;Lokale Suche;2;-33;-46;475.2;1.86;heilpraktiker bochum;1
heilpraktiker fernausbildung;480;;16.42;0.79;HIGH;4.36;15.37;informational;Ausbildung & Prüfung;2;;2500;7881.6;16.24;heilpraktiker fernausbildung;1
heilpraktiker für psychotherapie jobs;480;;0.68;0.25;LOW;0.12;1.34;informational;Jobs & Gehalt;;;-34;326.4;1.57;heilpraktiker für psychotherapie jobs;1
heilpraktiker kassel;480;5;1.53;0.21;LOW;0.36;1.98;navigational;Versicherung & Kostenerstattung;2;;-34;734.4;4.44;heilpraktiker kassel;1
kassel heilpraktiker;480;;1.53;0.21;LOW;0.36;1.98;navigational;Versicherung & Kostenerstattung;2;;-34;734.4;2.36;heilpraktiker kassel;0
heilpraktiker magdeburg;480;;1.44;0.08;LOW;0.37;1.55;navigational;Lokale Suche;2;50;85;691.2;2.27;heilpraktiker magdeburg;1
magdeburg heilpraktiker;480;;1.44;0.08;LOW;0.37;1.55;navigational;Lokale Suche;2;50;85;691.2;2.27;heilpraktiker magdeburg;0
heilpraktiker oldenburg;480;3;1.64;0.2;LOW;0.7;1.8;navigational;Lokale Suche;2;-19;-46;787.2;5.25;heilpraktiker oldenburg;1
oldenburg heilpraktiker;480;;1.64;0.2;LOW;0.7;1.8;navigational;Lokale Suche;2;-19;-46;787.2;2.46;heilpraktiker oldenburg;0
heilpraktiker studieren;480;18;4.62;0.74;HIGH;1.54;4.17;informational;Ausbildung & Prüfung;2;-18;-33;2217.6;5.59;heilpraktiker studieren;1
heilpraktiker studium;480;13;4.62;0.74;HIGH;1.54;4.17;informational;Ausbildung & Prüfung;2;-18;-33;2217.6;6.71;heilpraktiker studium;1
heilpraktiker tk;480;;0.62;0.02;LOW;0.28;1.94;informational;Versicherung & Kostenerstattung;2;-33;-56;297.6;1.51;heilpraktiker tk;1
tk heilpraktiker;480;;0.62;0.02;LOW;0.28;1.94;informational;Versicherung & Kostenerstattung;2;-33;-56;297.6;1.51;heilpraktiker tk;0
heilpraktiker türkisch;480;;0.0;0;LOW;;;informational;Informational / Erklärung;2;;;0.0;0.93;heilpraktiker türkisch;1
heilpraktiker auf türkisch;480;;0.0;0;LOW;;;informational;Informational / Erklärung;3;;;0.0;0.93;heilpraktiker türkisch;0
heilpraktiker würzburg;480;23;2.24;0.27;LOW;0.61;2.56;navigational;Lokale Suche;2;-33;-33;1075.2;2.76;heilpraktiker würzburg;1
würzburg heilpraktiker;480;12;2.24;0.27;LOW;0.61;2.56;navigational;Lokale Suche;2;-33;-33;1075.2;4.03;heilpraktiker würzburg;0
naturheilkunde bei tieren.de;480;;3.03;0.04;LOW;;;informational;Tierheilkunde;3;-19;-19;1454.4;3.76;naturheilkunde bei tieren.de;1
naturheilpraxis linek;480;;0.0;0;LOW;;;navigational;Marken- & Praxisnamen;2;50;;0.0;0.93;naturheilpraxis linek;1
naturheilpraxis sabine linek;480;;0.0;0;LOW;;;navigational;Marken- & Praxisnamen;3;50;;0.0;0.93;naturheilpraxis sabine linek;1
niere stärken naturheilkunde;480;;0.77;0.98;HIGH;0.08;1.45;informational;Beschwerden & Indikationen;3;-33;-33;369.6;1.65;niere stärken naturheilkunde;1
nieren stärken naturheilkunde;480;;0.77;0.98;HIGH;0.08;1.45;informational;Beschwerden & Indikationen;3;-33;-33;369.6;1.65;nieren stärken naturheilkunde;1
opn up osteopathie physiotherapie & naturheilkunde in saarbrücken;480;;0.0;0.04;LOW;;;commercial;Beschwerden & Indikationen;8;22;85;0.0;0.93;opn up osteopathie physiotherapie & naturheilkunde in saarbrücken;1
techniker krankenkasse heilpraktiker;480;;0.62;0.02;LOW;0.28;1.94;informational;Versicherung & Kostenerstattung;3;-33;-56;297.6;1.51;techniker krankenkasse heilpraktiker;1
thai-massage ulm naturheilpraxis dr ing klaus g knoechel;480;;0.12;0.04;LOW;;;informational;Methoden & Therapien;8;23;23;57.6;1.04;thai-massage ulm naturheilpraxis dr ing klaus g knoechel;1
augendiagnose heilpraktiker;390;1;1.45;0.06;LOW;0.61;1.78;informational;Methoden & Therapien;2;-18;-18;565.5;5.02;augendiagnose heilpraktiker;1
heilpraktiker mit augendiagnose;390;;1.45;0.06;LOW;0.61;1.78;informational;Methoden & Therapien;3;-18;-18;565.5;2.04;augendiagnose heilpraktiker;0
heilpraktiker augendiagnose;390;1;1.45;0.06;LOW;0.61;1.78;informational;Methoden & Therapien;2;-18;-18;565.5;5.02;augendiagnose heilpraktiker;0
augendiagnostik heilpraktiker;390;9;1.45;0.06;LOW;0.61;1.78;informational;Methoden & Therapien;2;-18;-18;565.5;3.1;augendiagnostik heilpraktiker;1
heilpraktiker mit augendiagnostik;390;9;1.45;0.06;LOW;0.61;1.78;informational;Methoden & Therapien;3;-18;-18;565.5;3.1;augendiagnostik heilpraktiker;0
aurich heilpraktiker;390;;0.76;0.11;LOW;0.39;0.69;informational;Lokale Suche;2;-18;-18;296.4;1.46;aurich heilpraktiker;1
heilpraktiker aurich;390;;0.76;0.11;LOW;0.39;0.69;navigational;Lokale Suche;2;-18;-18;296.4;1.46;aurich heilpraktiker;0
ausbildung heilpraktiker psychotherapie kosten;390;10;2.86;0.78;HIGH;1;2.59;commercial;Ausbildung & Prüfung;4;-19;-19;1115.4;4.67;ausbildung heilpraktiker psychotherapie kosten;1
kosten ausbildung heilpraktiker psychotherapie;390;7;2.86;0.78;HIGH;1;2.59;commercial;Ausbildung & Prüfung;4;-19;-19;1115.4;5.41;ausbildung heilpraktiker psychotherapie kosten;0
heilpraktiker psychotherapie kosten ausbildung;390;7;2.86;0.78;HIGH;1;2.59;commercial;Ausbildung & Prüfung;4;-19;-19;1115.4;5.41;ausbildung heilpraktiker psychotherapie kosten;0
heilpraktiker psychotherapie ausbildung kosten;390;16;2.86;0.78;HIGH;1;2.59;commercial;Ausbildung & Prüfung;4;-19;-19;1115.4;3.67;ausbildung heilpraktiker psychotherapie kosten;0
heilpraktiker ausbildung psychotherapie kosten;390;6;2.86;0.78;HIGH;1;2.59;commercial;Ausbildung & Prüfung;4;-19;-19;1115.4;5.71;ausbildung heilpraktiker psychotherapie kosten;0
bamberg heilpraktiker;390;12;2.16;0.27;LOW;0.59;2.54;navigational;Lokale Suche;2;;-18;842.4;3.5;bamberg heilpraktiker;1
heilpraktiker bamberg;390;7;2.16;0.27;LOW;0.59;2.54;navigational;Lokale Suche;2;;-18;842.4;4.43;bamberg heilpraktiker;0
barmenia heilpraktiker zusatzversicherung;390;;3.03;0.69;HIGH;0.54;10.15;commercial;Versicherung & Kostenerstattung;3;;-34;1181.7;3.35;barmenia heilpraktiker zusatzversicherung;1
barmenia zusatzversicherung heilpraktiker;390;;3.03;0.69;HIGH;0.54;10.15;commercial;Versicherung & Kostenerstattung;3;;-34;1181.7;3.35;barmenia heilpraktiker zusatzversicherung;0
zusatzversicherung heilpraktiker barmenia;390;;3.03;0.69;HIGH;0.54;10.15;commercial;Versicherung & Kostenerstattung;3;;-34;1181.7;3.35;barmenia heilpraktiker zusatzversicherung;0
buch naturheilkunde;390;;0.41;1;HIGH;0.12;1.19;informational;Bücher & Medien;2;-33;;159.9;1.17;buch naturheilkunde;1
bücher naturheilkunde;390;;0.41;1;HIGH;0.12;1.19;informational;Bücher & Medien;2;-33;;159.9;1.17;buch naturheilkunde;0
naturheilkunde buch;390;;0.41;1;HIGH;0.12;1.19;informational;Bücher & Medien;2;-33;;159.9;1.17;buch naturheilkunde;0
buch über naturheilkunde;390;;0.41;1;HIGH;0.12;1.19;informational;Bücher & Medien;3;-33;;159.9;1.17;buch über naturheilkunde;1
bücher über naturheilkunde;390;;0.41;1;HIGH;0.12;1.19;informational;Bücher & Medien;3;-33;;159.9;1.17;buch über naturheilkunde;0
darmstadt heilpraktiker;390;12;0.69;0.13;LOW;0.35;1.22;navigational;Beschwerden & Indikationen;2;;-56;269.1;1.87;darmstadt heilpraktiker;1
heilpraktiker darmstadt;390;11;0.69;0.13;LOW;0.35;1.22;navigational;Beschwerden & Indikationen;2;;-56;269.1;1.96;darmstadt heilpraktiker;0
gebüh heilpraktiker tabelle;390;;0.04;0.05;LOW;0.01;0.08;navigational;Praxisbetrieb & Kosten;3;23;129;15.6;0.86;gebüh heilpraktiker tabelle;1
guter heilpraktiker in der nähe;390;6;1.3;0.38;MEDIUM;0.44;1.38;informational;Lokale Suche;5;-33;-33;507.0;3.4;guter heilpraktiker in der nähe;1
hamm heilpraktiker;390;18;0.39;0.15;LOW;0.34;0.38;navigational;Lokale Suche;2;-34;-34;152.1;1.23;hamm heilpraktiker;1
heilpraktiker hamm;390;;0.39;0.15;LOW;0.34;0.38;navigational;Lokale Suche;2;-34;-34;152.1;1.16;hamm heilpraktiker;0
heilpraktiker akademie deutschland;390;;2.64;0.64;MEDIUM;1.87;3.21;informational;Ausbildung & Prüfung;3;-18;23;1029.6;3.03;heilpraktiker akademie deutschland;1
heilpraktiker dirk bettenworth;390;;0.85;0.06;LOW;0.39;0.59;informational;Marken- & Praxisnamen;3;23;23;331.5;1.54;heilpraktiker dirk bettenworth;1
heilpraktiker für psychotherapie ausbildung kosten;390;6;2.86;0.78;HIGH;1;2.59;commercial;Ausbildung & Prüfung;5;-19;-19;1115.4;5.71;heilpraktiker für psychotherapie ausbildung kosten;1
kosten ausbildung heilpraktiker für psychotherapie;390;6;2.86;0.78;HIGH;1;2.59;commercial;Ausbildung & Prüfung;5;-19;-19;1115.4;5.71;heilpraktiker für psychotherapie ausbildung kosten;0
heilpraktiker koblenz;390;11;1.15;0.22;LOW;0.51;1.21;informational;Lokale Suche;2;;;448.5;2.49;heilpraktiker koblenz;1
koblenz heilpraktiker;390;11;1.15;0.22;LOW;0.51;1.21;navigational;Lokale Suche;2;;;448.5;2.49;heilpraktiker koblenz;0
heilpraktiker landshut;390;;0.96;0.37;MEDIUM;0.55;1.38;navigational;Lokale Suche;2;-33;-33;374.4;1.63;heilpraktiker landshut;1
landshut heilpraktiker;390;3;0.96;0.37;MEDIUM;0.55;1.38;navigational;Lokale Suche;2;-33;-33;374.4;3.48;heilpraktiker landshut;0
heilpraktiker mainz;390;17;1.02;0.2;LOW;0.63;2.13;navigational;Lokale Suche;2;-33;-46;397.8;1.85;heilpraktiker mainz;1
mainz heilpraktiker;390;16;1.02;0.2;LOW;0.63;2.13;navigational;Lokale Suche;2;-33;-46;397.8;1.92;heilpraktiker mainz;0
heilpraktiker near me;390;7;0.95;0.41;MEDIUM;0.56;2.77;navigational;Beruf, Verbände & Sonstiges;3;-46;23;370.5;2.73;heilpraktiker near me;1
heilpraktiker paderborn;390;;1.94;0.35;MEDIUM;0.6;1.62;informational;Lokale Suche;2;-18;-33;756.6;2.45;heilpraktiker paderborn;1
heilpraktiker psychotherapie stellenangebote;390;;0.47;0.29;LOW;0.08;0.87;informational;Jobs & Gehalt;;;-46;183.3;1.22;heilpraktiker psychotherapie stellenangebote;1
stellenangebote heilpraktiker psychotherapie;390;;0.47;0.29;LOW;0.08;0.87;informational;Jobs & Gehalt;3;;-46;183.3;1.22;heilpraktiker psychotherapie stellenangebote;0
heilpraktiker siegen;390;9;0.94;0.12;LOW;0.35;2.24;informational;Lokale Suche;2;-19;-46;366.6;2.46;heilpraktiker siegen;1
siegen heilpraktiker;390;9;0.94;0.12;LOW;0.35;2.24;informational;Lokale Suche;2;-19;-46;366.6;2.46;heilpraktiker siegen;0
heilpraktiker trier;390;;1.04;0.15;LOW;0.38;0.74;navigational;Lokale Suche;2;;-33;405.6;1.7;heilpraktiker trier;1
heilpraktiker ulm;390;23;1.46;0.3;LOW;0.38;2.48;navigational;Lokale Suche;2;-33;-18;569.4;1.87;heilpraktiker ulm;1
kliniken essen mitte naturheilkunde erfahrungen;390;;0.0;0;LOW;;;commercial;Ärzte, Kliniken & Schulmedizin;5;-33;-33;0.0;0.83;kliniken essen mitte naturheilkunde erfahrungen;1
kliniken essen-mitte naturheilkunde erfahrungen;390;;0.0;0;LOW;;;informational;Ärzte, Kliniken & Schulmedizin;4;-33;-33;0.0;0.83;kliniken essen mitte naturheilkunde erfahrungen;0
lübecker heilpraktiker;390;25;2.17;0.29;LOW;0.97;5.31;navigational;Lokale Suche;2;-19;-33;846.3;2.28;lübecker heilpraktiker;1
ralf blume heilpraktiker;390;;0.0;0.01;LOW;;;informational;Marken- & Praxisnamen;3;-19;;0.0;0.83;ralf blume heilpraktiker;1
sozialstiftung bamberg klinik für integrative medizin und naturheilkunde;390;;0.0;0.03;LOW;;;commercial;Ärzte, Kliniken & Schulmedizin;8;;85;0.0;0.83;sozialstiftung bamberg klinik für integrative medizin und naturheilkunde;1
stellenangebote für heilpraktiker psychotherapie;390;;0.47;0.29;LOW;0.08;0.87;commercial;Jobs & Gehalt;4;;-46;183.3;1.22;stellenangebote für heilpraktiker psychotherapie;1
versicherung für heilpraktiker;390;7;5.41;0.76;HIGH;1.65;5.16;commercial;Versicherung & Kostenerstattung;3;-33;-70;2109.9;8.98;versicherung für heilpraktiker;1
versicherungen für heilpraktiker;390;40;5.41;0.76;HIGH;1.65;5.16;commercial;Versicherung & Kostenerstattung;3;-33;-70;2109.9;3.28;versicherung für heilpraktiker;0
versicherung heilpraktiker;390;12;5.41;0.76;HIGH;1.65;5.16;commercial;Versicherung & Kostenerstattung;2;-33;-70;2109.9;7.11;versicherung heilpraktiker;1
heilpraktiker versicherungen;390;22;5.41;0.76;HIGH;1.65;5.16;commercial;Versicherung & Kostenerstattung;2;-33;-70;2109.9;5.02;versicherung heilpraktiker;0
versicherungen heilpraktiker;390;18;5.41;0.76;HIGH;1.65;5.16;commercial;Versicherung & Kostenerstattung;2;-33;-70;2109.9;5.69;versicherung heilpraktiker;0
zentrum für naturheilkunde;390;8;0.52;0.26;LOW;0.42;1.66;informational;Marken- & Praxisnamen;3;-18;;202.8;2.02;zentrum für naturheilkunde;1
akademie für naturheilkunde;320;21;4.19;0.4;MEDIUM;1.07;3.24;informational;Ausbildung & Prüfung;3;;-19;1340.8;3.75;akademie für naturheilkunde;1
baden baden heilpraktiker;320;13;2.81;0.17;LOW;0.56;3.68;navigational;Lokale Suche;3;-56;-35;899.2;3.64;baden baden heilpraktiker;1
heilpraktiker baden-baden;320;13;2.81;0.17;LOW;0.56;3.68;navigational;Lokale Suche;2;-56;-35;899.2;3.64;baden baden heilpraktiker;0
heilpraktiker baden baden;320;13;2.81;0.17;LOW;0.56;3.68;navigational;Lokale Suche;3;-56;-35;899.2;3.64;baden baden heilpraktiker;0
baden-baden heilpraktiker;320;15;2.81;0.17;LOW;0.56;3.68;navigational;Lokale Suche;2;-56;-35;899.2;3.37;baden baden heilpraktiker;0
deggendorf heilpraktiker;320;4;0.78;0.08;LOW;;;navigational;Lokale Suche;2;-35;-47;249.6;2.66;deggendorf heilpraktiker;1
heilpraktiker deggendorf;320;;0.78;0.08;LOW;;;navigational;Lokale Suche;2;-35;-47;249.6;1.33;deggendorf heilpraktiker;0
erlangen heilpraktiker;320;8;0.82;0.21;LOW;0.35;0.8;informational;Lokale Suche;2;-19;;262.4;2.17;erlangen heilpraktiker;1
heilpraktiker erlangen;320;8;0.82;0.21;LOW;0.35;0.8;informational;Lokale Suche;2;-19;;262.4;2.17;erlangen heilpraktiker;0
gütersloh heilpraktiker;320;;0.64;0.05;LOW;;;informational;Lokale Suche;2;-35;-35;204.8;1.22;gütersloh heilpraktiker;1
heilpraktiker gütersloh;320;;0.64;0.05;LOW;;;navigational;Lokale Suche;2;-35;-35;204.8;1.22;gütersloh heilpraktiker;0
hautprobleme heilpraktiker;320;;1.09;0.34;MEDIUM;0.57;2.35;informational;Beschwerden & Indikationen;2;-33;-19;348.8;1.56;hautprobleme heilpraktiker;1
heilpraktiker bei hautproblemen;320;;1.09;0.34;MEDIUM;0.57;2.35;informational;Beschwerden & Indikationen;3;-33;-19;348.8;1.56;hautprobleme heilpraktiker;0
heilpraktiker hautprobleme;320;;1.09;0.34;MEDIUM;0.57;2.35;informational;Beschwerden & Indikationen;2;-33;-19;348.8;1.56;hautprobleme heilpraktiker;0
heilpraktiker ausbildung voraussetzung;320;9;2.57;0.71;HIGH;0.64;1.91;informational;Ausbildung & Prüfung;3;-19;-34;822.4;4.06;heilpraktiker ausbildung voraussetzung;1
ausbildung heilpraktiker voraussetzungen;320;8;2.57;0.71;HIGH;0.64;1.91;informational;Ausbildung & Prüfung;3;-19;-34;822.4;4.26;heilpraktiker ausbildung voraussetzung;0
ausbildung zum heilpraktiker voraussetzungen;320;15;2.57;0.71;HIGH;0.64;1.91;informational;Ausbildung & Prüfung;4;-19;-34;822.4;3.16;heilpraktiker ausbildung voraussetzung;0
heilpraktiker-ausbildung voraussetzungen;320;8;2.57;0.71;HIGH;0.64;1.91;informational;Ausbildung & Prüfung;2;-19;-34;822.4;4.26;heilpraktiker ausbildung voraussetzung;0
voraussetzung heilpraktiker ausbildung;320;8;2.57;0.71;HIGH;0.64;1.91;informational;Ausbildung & Prüfung;3;-19;-34;822.4;4.26;heilpraktiker ausbildung voraussetzung;0
heilpraktiker ausbildung voraussetzungen;320;8;2.57;0.71;HIGH;0.64;1.91;informational;Ausbildung & Prüfung;3;-19;-34;822.4;4.26;heilpraktiker ausbildung voraussetzung;0
heilpraktiker für hautprobleme;320;;1.09;0.34;MEDIUM;0.57;2.35;informational;Beschwerden & Indikationen;3;-33;-19;348.8;1.56;heilpraktiker für hautprobleme;1
heilpraktiker für schilddrüse;320;;1.08;0.24;LOW;0.39;1.29;commercial;Beschwerden & Indikationen;3;;-46;345.6;1.55;heilpraktiker für schilddrüse;1
heilpraktiker hagen;320;21;0.67;0.24;LOW;0.37;0.8;navigational;Lokale Suche;2;-33;-64;214.4;1.21;heilpraktiker hagen;1
heilpraktiker kempten;320;11;1.73;0.22;LOW;0.57;2.4;navigational;Lokale Suche;2;-19;-34;553.6;2.83;heilpraktiker kempten;1
kempten heilpraktiker;320;9;1.73;0.22;LOW;0.57;2.4;navigational;Lokale Suche;2;-19;-34;553.6;3.1;heilpraktiker kempten;0
heilpraktiker köln nippes;320;;3.31;0.04;LOW;;;navigational;Lokale Suche;3;-47;-56;1059.2;3.21;heilpraktiker köln nippes;1
heilpraktiker marburg;320;15;0.62;0.07;LOW;0.35;1.51;navigational;Lokale Suche;2;-19;-19;198.4;1.43;heilpraktiker marburg;1
marburg heilpraktiker;320;13;0.62;0.07;LOW;0.35;1.51;navigational;Lokale Suche;2;-19;-19;198.4;1.55;heilpraktiker marburg;0
heilpraktiker massage;320;;1.38;0.19;LOW;0.61;1.58;commercial;Methoden & Therapien;2;;-19;441.6;1.78;heilpraktiker massage;1
heilpraktiker massagen;320;;1.38;0.19;LOW;0.61;1.58;commercial;Methoden & Therapien;2;;-19;441.6;1.78;heilpraktiker massage;0
massage heilpraktiker;320;15;1.38;0.19;LOW;0.61;1.58;commercial;Methoden & Therapien;2;;-19;441.6;2.1;heilpraktiker massage;0
heilpraktiker offenburg;320;2;0.53;0.18;LOW;0.4;2.55;navigational;Lokale Suche;2;;-46;169.6;2.61;heilpraktiker offenburg;1
offenburg heilpraktiker;320;;0.53;0.18;LOW;0.4;2.55;navigational;Lokale Suche;2;;-46;169.6;1.14;heilpraktiker offenburg;0
heilpraktiker paracelsus;320;34;0.78;0.59;MEDIUM;0.49;2.77;informational;Ausbildung & Prüfung;2;;-34;249.6;0.92;heilpraktiker paracelsus;1
paracelsus heilpraktiker;320;23;0.78;0.59;MEDIUM;0.49;2.77;informational;Ausbildung & Prüfung;2;;-34;249.6;1.21;heilpraktiker paracelsus;0
heilpraktiker pforzheim;320;18;1.03;0.23;LOW;0.37;2.36;navigational;Lokale Suche;2;-19;-33;329.6;1.62;heilpraktiker pforzheim;1
pforzheim heilpraktiker;320;19;1.03;0.23;LOW;0.37;2.36;navigational;Lokale Suche;2;-19;-33;329.6;1.56;heilpraktiker pforzheim;0
heilpraktiker praxen;320;7;1.11;0.08;LOW;0.66;1.62;informational;Marken- & Praxisnamen;2;23;-18;355.2;2.65;heilpraktiker praxen;1
heilpraktiker prüfungsfragen psychotherapie;320;;1.04;1;HIGH;0.33;1.6;informational;Ausbildung & Prüfung;3;-19;-19;332.8;1.52;heilpraktiker prüfungsfragen psychotherapie;1
prüfungsfragen heilpraktiker psychotherapie;320;;1.04;1;HIGH;0.33;1.6;informational;Ausbildung & Prüfung;3;-19;-19;332.8;1.52;heilpraktiker prüfungsfragen psychotherapie;0
heilpraktiker psychotherapie prüfungsfragen;320;;1.04;1;HIGH;0.33;1.6;informational;Ausbildung & Prüfung;3;-19;-19;332.8;1.52;heilpraktiker prüfungsfragen psychotherapie;0
heilpraktiker psychotherapie lehrbuch;320;;0.64;0.99;HIGH;0.33;1.87;informational;Ausbildung & Prüfung;3;-19;;204.8;1.22;heilpraktiker psychotherapie lehrbuch;1
heilpraktiker rosenheim;320;;1.96;0.29;LOW;0.57;1.71;navigational;Lokale Suche;2;-19;-33;627.2;2.21;heilpraktiker rosenheim;1
rosenheim heilpraktiker;320;4;1.96;0.29;LOW;0.57;1.71;navigational;Lokale Suche;2;-19;-33;627.2;4.42;heilpraktiker rosenheim;0
heilpraktiker saarlouis;320;2;0.28;0.09;LOW;0.35;1.42;navigational;Lokale Suche;2;-35;-47;89.6;2.18;heilpraktiker saarlouis;1
heilpraktiker traditionelle chinesische medizin;320;10;1.15;0.18;LOW;0.52;1.04;informational;Marken- & Praxisnamen;4;-19;;368.0;2.33;heilpraktiker traditionelle chinesische medizin;1
traditionelle chinesische medizin heilpraktiker;320;2;1.15;0.18;LOW;0.52;1.04;informational;Marken- & Praxisnamen;4;-19;;368.0;3.67;heilpraktiker traditionelle chinesische medizin;0
heilpraktiker voraussetzung;320;5;2.12;0.61;MEDIUM;0.59;1.74;informational;Ausbildung & Prüfung;2;;-33;678.4;4.38;heilpraktiker voraussetzung;1
voraussetzungen heilpraktiker;320;5;2.12;0.61;MEDIUM;0.59;1.74;informational;Ausbildung & Prüfung;2;;-33;678.4;4.38;heilpraktiker voraussetzung;0
heilpraktiker voraussetzungen;320;5;2.12;0.61;MEDIUM;0.59;1.74;informational;Ausbildung & Prüfung;2;;-33;678.4;4.38;heilpraktiker voraussetzung;0
voraussetzung heilpraktiker;320;8;2.12;0.61;MEDIUM;0.59;1.74;informational;Ausbildung & Prüfung;2;;-33;678.4;3.72;heilpraktiker voraussetzung;0
heilpraktiker weiterbildung;320;21;4.9;0.73;HIGH;1.42;4.16;informational;Ausbildung & Prüfung;2;-35;-47;1568.0;4.27;heilpraktiker weiterbildung;1
weiterbildung heilpraktiker;320;21;4.9;0.73;HIGH;1.42;4.16;informational;Ausbildung & Prüfung;2;-35;-47;1568.0;4.27;heilpraktiker weiterbildung;0
weiterbildung zum heilpraktiker;320;23;4.9;0.73;HIGH;1.42;4.16;informational;Ausbildung & Prüfung;3;-35;-47;1568.0;4.02;heilpraktiker weiterbildung;0
heilpraktiker werden voraussetzungen;320;;2.12;0.61;MEDIUM;0.59;1.74;informational;Ausbildung & Prüfung;3;;-33;678.4;2.33;heilpraktiker werden voraussetzungen;1
heilpraktiker westerstede;320;;0.67;0.04;LOW;;;navigational;Lokale Suche;2;-19;-19;214.4;1.25;heilpraktiker westerstede;1
westerstede heilpraktiker;320;;0.67;0.04;LOW;;;navigational;Lokale Suche;2;-19;-19;214.4;1.25;heilpraktiker westerstede;0
heilpraktiker zusatzversicherung ohne wartezeit;320;;7.21;0.8;HIGH;2.07;7.55;commercial;Versicherung & Kostenerstattung;4;-19;53;2307.2;6.12;heilpraktiker zusatzversicherung ohne wartezeit;1
zusatzversicherung heilpraktiker ohne wartezeit;320;;7.21;0.8;HIGH;2.07;7.55;commercial;Versicherung & Kostenerstattung;4;-19;53;2307.2;6.12;heilpraktiker zusatzversicherung ohne wartezeit;0
heilpraktiker-zusatzversicherung ohne wartezeit;320;;7.21;0.8;HIGH;2.07;7.55;commercial;Versicherung & Kostenerstattung;3;-19;53;2307.2;6.12;heilpraktiker zusatzversicherung ohne wartezeit;0
immanuel krankenhaus berlin naturheilkunde;320;15;3.02;0.05;LOW;1.06;3.39;navigational;Ärzte, Kliniken & Schulmedizin;4;50;23;966.4;3.55;immanuel krankenhaus berlin naturheilkunde;1
immanuel krankenhaus berlin naturheilkunde erfahrungen;320;6;0.0;0.01;LOW;;;informational;Ärzte, Kliniken & Schulmedizin;5;;-56;0.0;1.33;immanuel krankenhaus berlin naturheilkunde erfahrungen;1
naturheilpraxis heute;320;;0.78;1;HIGH;0.19;0.73;informational;Marken- & Praxisnamen;2;-19;;249.6;1.33;naturheilpraxis heute;1
naturheilpraxis wang;320;;2.3;0.06;LOW;0.4;2.73;informational;Marken- & Praxisnamen;2;-46;;736.0;2.46;naturheilpraxis wang;1
naturheilpraxis-wang;320;;2.3;0.06;LOW;0.4;2.73;navigational;Marken- & Praxisnamen;1;-46;;736.0;2.46;naturheilpraxis wang;0
praxis thomas winz heilpraktiker;320;;0.0;0.03;LOW;;;navigational;Marken- & Praxisnamen;4;22;22;0.0;0.75;praxis thomas winz heilpraktiker;1
prostata massage heilpraktiker;320;;0.47;0.05;LOW;0.18;0.96;commercial;Beschwerden & Indikationen;3;-46;-34;150.4;1.1;prostata massage heilpraktiker;1
prüfungsfragen für heilpraktiker psychotherapie;320;;1.04;1;HIGH;0.33;1.6;informational;Ausbildung & Prüfung;4;-19;-19;332.8;1.52;prüfungsfragen für heilpraktiker psychotherapie;1
prüfungsfragen psychotherapie für heilpraktiker;320;;1.04;1;HIGH;0.33;1.6;informational;Ausbildung & Prüfung;4;-19;-19;332.8;1.52;prüfungsfragen für heilpraktiker psychotherapie;0
was kosten heilpraktiker;320;4;0.0;0.07;LOW;0.56;2.23;informational;Praxisbetrieb & Kosten;3;-19;-19;0.0;1.49;was kosten heilpraktiker;1
was kostet heilpraktiker;320;13;0.0;0.07;LOW;0.56;2.23;informational;Informational / Erklärung;3;-19;-19;0.0;0.95;was kostet heilpraktiker;1
was kostet ein heilpraktiker;320;12;0.0;0.07;LOW;0.56;2.23;informational;Informational / Erklärung;4;-19;-19;0.0;0.99;was kostet heilpraktiker;0
weiterbildung für heilpraktiker;320;12;4.9;0.73;HIGH;1.42;4.16;informational;Ausbildung & Prüfung;3;-35;-47;1568.0;5.87;weiterbildung für heilpraktiker;1
weiterbildungen für heilpraktiker;320;12;4.9;0.73;HIGH;1.42;4.16;informational;Ausbildung & Prüfung;3;-35;-47;1568.0;5.87;weiterbildung für heilpraktiker;0
zahnarzt für naturheilkunde;320;;1.66;0.38;MEDIUM;0.58;1.99;informational;Ärzte, Kliniken & Schulmedizin;3;24;-56;531.2;1.98;zahnarzt für naturheilkunde;1
aok heilpraktiker;260;;1.59;0.04;LOW;0.59;2.82;informational;Versicherung & Kostenerstattung;2;-18;-56;413.4;1.72;aok heilpraktiker;1
ausbildung heilpraktiker münchen;260;21;3.83;0.87;HIGH;0.93;4.23;informational;Ausbildung & Prüfung;3;-35;-35;995.8;3.12;ausbildung heilpraktiker münchen;1
münchen heilpraktiker-ausbildung;260;19;3.83;0.87;HIGH;0.93;4.23;informational;Ausbildung & Prüfung;2;-35;-35;995.8;3.32;ausbildung heilpraktiker münchen;0
münchen heilpraktiker ausbildung;260;6;3.83;0.87;HIGH;0.93;4.23;informational;Ausbildung & Prüfung;3;-35;-35;995.8;5.71;ausbildung heilpraktiker münchen;0
heilpraktiker ausbildung münchen;260;45;3.83;0.87;HIGH;0.93;4.23;informational;Ausbildung & Prüfung;3;-35;-35;995.8;1.8;ausbildung heilpraktiker münchen;0
ausbildung heilpraktiker psychologie;260;16;4.22;0.87;HIGH;1.84;3.98;informational;Ausbildung & Prüfung;3;-19;-47;1097.2;3.97;ausbildung heilpraktiker psychologie;1
psychologie heilpraktiker ausbildung;260;12;4.22;0.87;HIGH;1.84;3.98;informational;Ausbildung & Prüfung;3;-19;-47;1097.2;4.63;ausbildung heilpraktiker psychologie;0
heilpraktiker ausbildung psychologie;260;16;4.22;0.87;HIGH;1.84;3.98;informational;Ausbildung & Prüfung;3;-19;-47;1097.2;3.97;ausbildung heilpraktiker psychologie;0
coburg heilpraktiker;260;9;0.65;0.11;LOW;;;navigational;Lokale Suche;2;-19;-35;169.0;1.67;coburg heilpraktiker;1
heilpraktiker coburg;260;2;0.65;0.11;LOW;;;navigational;Lokale Suche;2;-19;-35;169.0;2.51;coburg heilpraktiker;0
dehmer heilpraktiker;260;;0.0;0.04;LOW;0.55;3.01;informational;Marken- & Praxisnamen;2;-56;;0.0;0.67;dehmer heilpraktiker;1
dürfen heilpraktiker blut abnehmen;260;;0.0;0;LOW;;;informational;Beschwerden & Indikationen;4;-19;-19;0.0;0.67;dürfen heilpraktiker blut abnehmen;1
flensburg heilpraktiker;260;3;0.8;0.14;LOW;0.35;0.8;navigational;Lokale Suche;2;;-47;208.0;2.56;flensburg heilpraktiker;1
heilpraktiker flensburg;260;13;0.8;0.14;LOW;0.35;0.8;navigational;Lokale Suche;2;;-47;208.0;1.53;flensburg heilpraktiker;0
fortbildung für heilpraktiker;260;38;3.05;0.7;HIGH;1.04;3.31;informational;Ausbildung & Prüfung;3;;-19;793.0;1.72;fortbildung für heilpraktiker;1
fortbildungen für heilpraktiker;260;4;3.05;0.7;HIGH;1.04;3.31;informational;Ausbildung & Prüfung;3;;-19;793.0;5.39;fortbildung für heilpraktiker;0
fortbildungen heilpraktiker;260;4;3.05;0.7;HIGH;1.04;3.31;informational;Ausbildung & Prüfung;2;;-19;793.0;5.39;fortbildungen heilpraktiker;1
heilpraktiker fortbildungen;260;3;3.05;0.7;HIGH;1.04;3.31;informational;Ausbildung & Prüfung;2;;-19;793.0;5.75;fortbildungen heilpraktiker;0
fürth heilpraktiker;260;;0.58;0.17;LOW;0.58;1.26;navigational;Lokale Suche;2;-19;-34;150.8;1.05;fürth heilpraktiker;1
heilpraktiker fürth;260;;0.58;0.17;LOW;0.58;1.26;navigational;Lokale Suche;2;-19;-34;150.8;1.05;fürth heilpraktiker;0
gebüh heilpraktiker;260;6;0.04;0.04;LOW;0.01;0.04;informational;Praxisbetrieb & Kosten;2;-33;-64;10.4;1.23;gebüh heilpraktiker;1
gebühren heilpraktiker;260;17;0.04;0.04;LOW;0.01;0.04;informational;Praxisbetrieb & Kosten;2;-33;-64;10.4;0.76;gebühren heilpraktiker;1
gießen heilpraktiker;260;3;1.63;0.13;LOW;0.63;2.43;navigational;Lokale Suche;2;-19;-35;423.8;3.73;gießen heilpraktiker;1
heilpraktiker gießen;260;3;1.63;0.13;LOW;0.63;2.43;navigational;Lokale Suche;2;-19;-35;423.8;3.73;gießen heilpraktiker;0
göppingen heilpraktiker;260;;0.84;0.33;LOW;0.39;1.17;navigational;Lokale Suche;2;-19;-35;218.4;1.22;göppingen heilpraktiker;1
heilpraktiker göppingen;260;;0.84;0.33;LOW;0.39;1.17;navigational;Lokale Suche;2;-19;-35;218.4;1.22;göppingen heilpraktiker;0
hamburg heilpraktiker ausbildung;260;10;4.88;0.86;HIGH;2.12;5.53;informational;Ausbildung & Prüfung;3;-19;-35;1268.8;5.69;hamburg heilpraktiker ausbildung;1
hamburg heilpraktiker-ausbildung;260;19;4.88;0.86;HIGH;2.12;5.53;informational;Ausbildung & Prüfung;2;-19;-35;1268.8;4.04;hamburg heilpraktiker ausbildung;0
heilpraktiker ausbildung hamburg;260;10;4.88;0.86;HIGH;2.12;5.53;informational;Ausbildung & Prüfung;3;-19;-35;1268.8;5.69;hamburg heilpraktiker ausbildung;0
heilpraktiker bocholt;260;;0.5;0.08;LOW;;;navigational;Lokale Suche;2;;;130.0;1.0;heilpraktiker bocholt;1
heilpraktiker bremerhaven;260;;0.52;0.09;LOW;0.35;0.6;navigational;Lokale Suche;2;;-34;135.2;1.01;heilpraktiker bremerhaven;1
heilpraktiker cottbus;260;2;0.64;0.1;LOW;0.35;0.37;navigational;Lokale Suche;2;-35;-35;166.4;2.49;heilpraktiker cottbus;1
heilpraktiker für akupunktur;260;39;0.93;0.18;LOW;0.48;1.52;commercial;Methoden & Therapien;3;-47;-47;241.8;0.81;heilpraktiker für akupunktur;1
heilpraktiker gebührenordnung pdf;260;14;0.1;0.02;LOW;;;informational;Praxisbetrieb & Kosten;3;-65;-57;26.0;0.9;heilpraktiker gebührenordnung pdf;1
heilpraktiker halle;260;3;0.67;0.29;LOW;0.37;0.81;navigational;Lokale Suche;2;-19;-35;174.2;2.37;heilpraktiker halle;1
heilpraktiker hildesheim;260;3;0.68;0.23;LOW;0.45;0.92;navigational;Lokale Suche;2;-19;-19;176.8;2.38;heilpraktiker hildesheim;1
hildesheim heilpraktiker;260;3;0.68;0.23;LOW;0.45;0.92;navigational;Lokale Suche;2;-19;-19;176.8;2.38;heilpraktiker hildesheim;0
heilpraktiker homöopath;260;28;1.21;0.12;LOW;0.57;1.96;informational;Methoden & Therapien;2;-19;-47;314.6;1.18;heilpraktiker homöopath;1
homöopath heilpraktiker;260;17;1.21;0.12;LOW;0.57;1.96;informational;Methoden & Therapien;2;-19;-47;314.6;1.62;heilpraktiker homöopath;0
heilpraktiker irisdiagnose;260;4;2.15;0.07;LOW;1.09;2.75;navigational;Methoden & Therapien;2;-19;-19;559.0;4.19;heilpraktiker irisdiagnose;1
heilpraktiker mit irisdiagnose;260;2;2.15;0.07;LOW;1.09;2.75;informational;Methoden & Therapien;3;-19;-19;559.0;4.79;heilpraktiker irisdiagnose;0
irisdiagnose heilpraktiker;260;2;2.15;0.07;LOW;1.09;2.75;informational;Methoden & Therapien;2;-19;-19;559.0;4.79;heilpraktiker irisdiagnose;0
heilpraktiker iserlohn;260;;0.6;0.15;LOW;;;navigational;Lokale Suche;2;;-34;156.0;1.06;heilpraktiker iserlohn;1
iserlohn heilpraktiker;260;;0.6;0.15;LOW;;;navigational;Lokale Suche;2;;-34;156.0;1.06;heilpraktiker iserlohn;0
heilpraktiker lingen;260;;1.22;0.12;LOW;0.38;1.64;navigational;Lokale Suche;2;-35;-35;317.2;1.48;heilpraktiker lingen;1
lingen heilpraktiker;260;;1.22;0.12;LOW;0.38;1.64;navigational;Lokale Suche;2;-35;-35;317.2;1.48;heilpraktiker lingen;0
heilpraktiker lüneburg;260;2;1.4;0.32;LOW;0.47;1.72;navigational;Lokale Suche;2;-19;-35;364.0;3.65;heilpraktiker lüneburg;1
lüneburg heilpraktiker;260;2;1.4;0.32;LOW;0.47;1.72;navigational;Lokale Suche;2;-19;-35;364.0;3.65;heilpraktiker lüneburg;0
heilpraktiker memmingen;260;;0.56;0.18;LOW;0.34;0.77;navigational;Lokale Suche;2;-19;-35;145.6;1.04;heilpraktiker memmingen;1
memmingen heilpraktiker;260;;0.56;0.18;LOW;0.34;0.77;navigational;Lokale Suche;2;-19;-35;145.6;1.04;heilpraktiker memmingen;0
heilpraktiker minden;260;5;0.67;0.07;LOW;;;informational;Lokale Suche;2;;-19;174.2;2.09;heilpraktiker minden;1
heilpraktiker neumünster;260;;0.63;0.11;LOW;1.14;2.47;navigational;Lokale Suche;2;;-19;163.8;1.08;heilpraktiker neumünster;1
neumünster heilpraktiker;260;;0.63;0.11;LOW;1.14;2.47;navigational;Lokale Suche;2;;-19;163.8;1.08;heilpraktiker neumünster;0
heilpraktiker oder homöopath;260;;1.21;0.12;LOW;0.57;1.96;informational;Methoden & Therapien;3;-19;-47;314.6;1.47;heilpraktiker oder homöopath;1
heilpraktiker passau;260;4;0.85;0.22;LOW;0.37;1.25;navigational;Lokale Suche;2;;-35;221.0;2.46;heilpraktiker passau;1
passau heilpraktiker;260;10;0.85;0.22;LOW;0.37;1.25;informational;Lokale Suche;2;;-35;221.0;1.79;heilpraktiker passau;0
heilpraktiker prüfungsvorbereitung;260;;2.58;1;HIGH;1.18;3.49;informational;Ausbildung & Prüfung;2;-19;-35;670.8;2.38;heilpraktiker prüfungsvorbereitung;1
prüfungsvorbereitung heilpraktiker;260;;2.58;1;HIGH;1.18;3.49;informational;Ausbildung & Prüfung;2;-19;-35;670.8;2.38;heilpraktiker prüfungsvorbereitung;0
heilpraktiker ravensburg;260;;1.06;0.21;LOW;0.37;1.04;navigational;Lokale Suche;2;-19;-19;275.6;1.37;heilpraktiker ravensburg;1
ravensburg heilpraktiker;260;;1.06;0.21;LOW;0.37;1.04;navigational;Lokale Suche;2;-19;-19;275.6;1.37;heilpraktiker ravensburg;0
heilpraktiker saarland;260;12;1.09;0.21;LOW;0.64;0.81;navigational;Lokale Suche;2;-33;-46;283.4;1.85;heilpraktiker saarland;1
heilpraktiker im saarland;260;4;1.09;0.21;LOW;0.64;0.81;commercial;Lokale Suche;3;-33;-46;283.4;2.78;heilpraktiker saarland;0
heilpraktiker schwäbisch hall;260;;0.75;0.14;LOW;0.64;1.34;navigational;Lokale Suche;3;-35;-35;195.0;1.16;heilpraktiker schwäbisch hall;1
heilpraktiker straubing;260;;0.74;0.2;LOW;0.35;0.8;navigational;Lokale Suche;2;;-19;192.4;1.16;heilpraktiker straubing;1
straubing heilpraktiker;260;;0.74;0.2;LOW;0.35;0.8;navigational;Lokale Suche;2;;-19;192.4;1.16;heilpraktiker straubing;0
heilpraktiker thiele;260;;1.69;0.05;LOW;0.62;6.11;informational;Marken- & Praxisnamen;2;-34;91;439.4;1.79;heilpraktiker thiele;1
thiele heilpraktiker;260;34;1.69;0.05;LOW;0.62;6.11;informational;Marken- & Praxisnamen;2;-34;91;439.4;1.25;heilpraktiker thiele;0
heilpraktiker tübingen;260;16;3.45;0.4;MEDIUM;0.81;5.12;navigational;Lokale Suche;2;-19;-19;897.0;3.38;heilpraktiker tübingen;1
tübingen heilpraktiker;260;16;3.45;0.4;MEDIUM;0.81;5.12;navigational;Lokale Suche;2;-19;-19;897.0;3.38;heilpraktiker tübingen;0
heilpraktiker verdienst;260;;0.66;0.03;LOW;0.45;2.83;informational;Jobs & Gehalt;;;-35;171.6;1.1;heilpraktiker verdienst;1
verdienst als heilpraktiker;260;;0.66;0.03;LOW;0.45;2.83;informational;Jobs & Gehalt;3;;-35;171.6;1.1;heilpraktiker verdienst;0
verdienst heilpraktiker;260;;0.66;0.03;LOW;0.45;2.83;informational;Jobs & Gehalt;2;;-35;171.6;1.1;heilpraktiker verdienst;0
heilpraktiker wesel;260;1;0.78;0.19;LOW;0.37;1.13;navigational;Lokale Suche;2;-35;-48;202.8;2.92;heilpraktiker wesel;1
wesel heilpraktiker;260;;0.78;0.19;LOW;0.37;1.13;informational;Lokale Suche;2;-35;-48;202.8;1.18;heilpraktiker wesel;0
heilpraktiker wolfsburg;260;;1.11;0.16;LOW;0.42;1.42;navigational;Lokale Suche;2;-33;-56;288.6;1.4;heilpraktiker wolfsburg;1
heilpraktiker zusatzversicherung tk;260;1;1.59;0.64;MEDIUM;0.45;2.56;commercial;Versicherung & Kostenerstattung;3;24;-46;413.4;4.24;heilpraktiker zusatzversicherung tk;1
tk heilpraktiker zusatzversicherung;260;1;1.59;0.64;MEDIUM;0.45;2.56;commercial;Versicherung & Kostenerstattung;3;24;-46;413.4;4.24;heilpraktiker zusatzversicherung tk;0
zusatzversicherung heilpraktiker tk;260;1;1.59;0.64;MEDIUM;0.45;2.56;commercial;Versicherung & Kostenerstattung;3;24;-46;413.4;4.24;heilpraktiker zusatzversicherung tk;0
tk zusatzversicherung heilpraktiker;260;1;1.59;0.64;MEDIUM;0.45;2.56;commercial;Versicherung & Kostenerstattung;3;24;-46;413.4;4.24;heilpraktiker zusatzversicherung tk;0
zusatzversicherung tk heilpraktiker;260;1;1.59;0.64;MEDIUM;0.45;2.56;commercial;Versicherung & Kostenerstattung;3;24;-46;413.4;4.24;heilpraktiker zusatzversicherung tk;0
hpa heilpraktiker akademie deutschland;260;;1.87;0.43;MEDIUM;1.71;3.63;informational;Ausbildung & Prüfung;4;-66;-48;486.2;1.91;hpa heilpraktiker akademie deutschland;1
irisdiagnostik heilpraktiker;260;4;2.15;0.07;LOW;1.09;2.75;navigational;Methoden & Therapien;2;-19;-19;559.0;4.19;irisdiagnostik heilpraktiker;1
heilpraktiker mit irisdiagnostik;260;1;2.15;0.07;LOW;1.09;2.75;navigational;Methoden & Therapien;3;-19;-19;559.0;5.16;irisdiagnostik heilpraktiker;0
kleine heilpraktiker;260;;3.05;0.76;HIGH;0.85;2.38;informational;Marken- & Praxisnamen;2;;-19;793.0;2.69;kleine heilpraktiker;1
kleiner heilpraktiker;260;;3.05;0.76;HIGH;0.85;2.38;informational;Marken- & Praxisnamen;2;;-19;793.0;2.69;kleine heilpraktiker;0
heilpraktiker kleiner;260;;3.05;0.76;HIGH;0.85;2.38;informational;Marken- & Praxisnamen;2;;-19;793.0;2.69;kleine heilpraktiker;0
mytimeout fitness physiotherapie friseur kosmetik heilpraktiker;260;;0.4;0.05;LOW;;;informational;Sektoraler Heilpraktiker;6;;;104.0;0.93;mytimeout fitness physiotherapie friseur kosmetik heilpraktiker;1
narkose ausleiten naturheilkunde;260;;1.28;0.05;LOW;;;informational;Marken- & Praxisnamen;3;-33;-46;332.8;1.52;narkose ausleiten naturheilkunde;1
natura heilpraxis heilpraktiker yesha z karmeli;260;;0.0;0.03;LOW;;;informational;Marken- & Praxisnamen;6;-33;;0.0;0.67;natura heilpraxis heilpraktiker yesha z karmeli;1
naturheilkunde in meiner nähe;260;7;0.8;0.36;MEDIUM;;;navigational;Lokale Suche;4;-19;50;208.0;2.02;naturheilkunde in meiner nähe;1
naturheilkunde studieren;260;;4.51;0.75;HIGH;1.58;3.84;informational;Ausbildung & Prüfung;2;-19;-34;1172.6;3.67;naturheilkunde studieren;1
naturheilkunde studium;260;;4.51;0.75;HIGH;1.58;3.84;informational;Ausbildung & Prüfung;2;-19;-34;1172.6;3.67;naturheilkunde studium;1
studium der naturheilkunde;260;;4.51;0.75;HIGH;1.58;3.84;informational;Ausbildung & Prüfung;3;-19;-34;1172.6;3.67;naturheilkunde studium;0
naturheilpraxis ausbildung;260;25;4.14;0.81;HIGH;1.27;3.58;informational;Ausbildung & Prüfung;2;-34;;1076.4;2.96;naturheilpraxis ausbildung;1
prüfungsvorbereitung für heilpraktiker;260;;2.58;1;HIGH;1.18;3.49;informational;Ausbildung & Prüfung;3;-19;-35;670.8;2.38;prüfungsvorbereitung für heilpraktiker;1
psychologische heilpraktiker ausbildung;260;18;4.22;0.87;HIGH;1.84;3.98;informational;Ausbildung & Prüfung;3;-19;-47;1097.2;3.7;psychologische heilpraktiker ausbildung;1
psychologischer heilpraktiker ausbildung;260;2;4.22;0.87;HIGH;1.84;3.98;informational;Ausbildung & Prüfung;3;-19;-47;1097.2;7.94;psychologische heilpraktiker ausbildung;0
ausbildung psychologischer heilpraktiker;260;4;4.22;0.87;HIGH;1.84;3.98;informational;Ausbildung & Prüfung;3;-19;-47;1097.2;6.95;psychologische heilpraktiker ausbildung;0
ausbildung zum psychologischen heilpraktiker;260;16;4.22;0.87;HIGH;1.84;3.98;informational;Ausbildung & Prüfung;4;-19;-47;1097.2;3.97;psychologische heilpraktiker ausbildung;0
techniker krankenkasse heilpraktiker zusatzversicherung;260;;1.59;0.64;MEDIUM;0.45;2.56;commercial;Versicherung & Kostenerstattung;4;24;-46;413.4;1.72;techniker krankenkasse heilpraktiker zusatzversicherung;1
techniker krankenkasse zusatzversicherung heilpraktiker;260;;1.59;0.64;MEDIUM;0.45;2.56;commercial;Versicherung & Kostenerstattung;4;24;-46;413.4;1.72;techniker krankenkasse heilpraktiker zusatzversicherung;0
therapiezentrum für ganzheitliche naturheilkunde;260;;0.0;0.04;LOW;;;informational;Marken- & Praxisnamen;4;-35;-19;0.0;0.67;therapiezentrum für ganzheitliche naturheilkunde;1
was kostet die heilpraktiker ausbildung;260;;2.17;0.69;HIGH;0.63;2.49;informational;Ausbildung & Prüfung;5;;;564.2;2.11;was kostet die heilpraktiker ausbildung;1
was kostet die ausbildung zum heilpraktiker;260;;2.17;0.69;HIGH;0.63;2.49;informational;Ausbildung & Prüfung;6;;;564.2;2.11;was kostet die heilpraktiker ausbildung;0
was kostet eine heilpraktiker ausbildung;260;;2.17;0.69;HIGH;0.63;2.49;informational;Ausbildung & Prüfung;5;;;564.2;2.11;was kostet die heilpraktiker ausbildung;0
was kostet eine heilpraktiker-ausbildung;260;;2.17;0.69;HIGH;0.63;2.49;informational;Ausbildung & Prüfung;4;;;564.2;2.11;was kostet die heilpraktiker ausbildung;0
was macht eine heilpraktiker;260;4;1.2;0.1;LOW;0.24;1.34;informational;Informational / Erklärung;4;-19;;312.0;2.93;was macht eine heilpraktiker;1
wie werde ich heilpraktiker;260;17;3.77;0.78;HIGH;0.98;3.46;informational;Informational / Erklärung;4;-19;-19;980.2;3.5;wie werde ich heilpraktiker;1
aalen heilpraktiker;210;;0.58;0.12;LOW;0.35;1.69;informational;Lokale Suche;2;;-35;121.8;0.93;aalen heilpraktiker;1
heilpraktiker aalen;210;;0.58;0.12;LOW;0.35;1.69;informational;Lokale Suche;2;;-35;121.8;0.93;aalen heilpraktiker;0
abnehmen heilpraktiker;210;;2.63;0.75;HIGH;0.96;3.85;commercial;Beschwerden & Indikationen;2;;-47;552.3;2.15;abnehmen heilpraktiker;1
heilpraktiker zum abnehmen;210;;2.63;0.75;HIGH;0.96;3.85;informational;Beschwerden & Indikationen;3;;-47;552.3;2.15;abnehmen heilpraktiker;0
abnehmen mit heilpraktiker;210;;2.63;0.75;HIGH;0.96;3.85;informational;Beschwerden & Indikationen;3;;-47;552.3;2.15;abnehmen heilpraktiker;0
heilpraktiker abnehmen;210;;2.63;0.75;HIGH;0.96;3.85;informational;Beschwerden & Indikationen;2;;-47;552.3;2.15;abnehmen heilpraktiker;0
abrechnung für heilpraktiker;210;6;2.74;0.29;LOW;0.98;5.12;informational;Praxisbetrieb & Kosten;3;-33;-33;575.4;3.93;abrechnung für heilpraktiker;1
abrechnung heilpraktiker;210;12;2.74;0.29;LOW;0.98;5.12;informational;Praxisbetrieb & Kosten;2;-33;-33;575.4;2.95;abrechnung heilpraktiker;1
heilpraktiker abrechnung;210;12;2.74;0.29;LOW;0.98;5.12;informational;Praxisbetrieb & Kosten;2;-33;-33;575.4;2.95;abrechnung heilpraktiker;0
akademie für heilpraktiker;210;39;1.87;0.96;HIGH;1.94;3.6;informational;Ausbildung & Prüfung;3;24;50;392.7;1.07;akademie für heilpraktiker;1
amberg heilpraktiker;210;15;0.48;0.12;LOW;;;navigational;Lokale Suche;2;;-19;100.8;1.04;amberg heilpraktiker;1
heilpraktiker amberg;210;15;0.48;0.12;LOW;;;navigational;Lokale Suche;2;;-19;100.8;1.04;amberg heilpraktiker;0
ansbach heilpraktiker;210;1;0.53;0.08;LOW;;;navigational;Lokale Suche;2;-19;;111.3;2.23;ansbach heilpraktiker;1
heilpraktiker ansbach;210;;0.53;0.08;LOW;;;navigational;Lokale Suche;2;-19;;111.3;0.91;ansbach heilpraktiker;0
aok heilpraktiker zusatzversicherung;210;;2.18;0.47;MEDIUM;0.84;3.04;commercial;Versicherung & Kostenerstattung;3;-18;-56;457.8;1.88;aok heilpraktiker zusatzversicherung;1
heilpraktiker zusatzversicherung aok;210;;2.18;0.47;MEDIUM;0.84;3.04;commercial;Versicherung & Kostenerstattung;3;-18;-56;457.8;1.88;aok heilpraktiker zusatzversicherung;0
zusatzversicherung heilpraktiker aok;210;;2.18;0.47;MEDIUM;0.84;3.04;commercial;Versicherung & Kostenerstattung;3;-18;-56;457.8;1.88;aok heilpraktiker zusatzversicherung;0
aok zusatzversicherung heilpraktiker;210;;2.18;0.47;MEDIUM;0.84;3.04;commercial;Versicherung & Kostenerstattung;3;-18;-56;457.8;1.88;aok heilpraktiker zusatzversicherung;0
ausbildung heilpraktiker nrw;210;40;3.63;0.84;HIGH;1.13;4.23;informational;Ausbildung & Prüfung;3;-18;-56;762.3;1.69;ausbildung heilpraktiker nrw;1
heilpraktiker ausbildung nrw;210;16;3.63;0.84;HIGH;1.13;4.23;informational;Ausbildung & Prüfung;3;-18;-56;762.3;3.13;ausbildung heilpraktiker nrw;0
heilpraktiker-ausbildung nrw;210;40;3.63;0.84;HIGH;1.13;4.23;informational;Ausbildung & Prüfung;2;-18;-56;762.3;1.69;ausbildung heilpraktiker nrw;0
ausbildung heilpraktiker physiotherapie;210;;2.06;0.68;HIGH;0.54;2.17;informational;Ausbildung & Prüfung;3;-19;-19;432.6;1.81;ausbildung heilpraktiker physiotherapie;1
physiotherapie heilpraktiker ausbildung;210;;2.06;0.68;HIGH;0.54;2.17;informational;Ausbildung & Prüfung;3;-19;-19;432.6;1.81;ausbildung heilpraktiker physiotherapie;0
heilpraktiker physiotherapie ausbildung;210;;2.06;0.68;HIGH;0.54;2.17;informational;Ausbildung & Prüfung;3;-19;-19;432.6;1.81;ausbildung heilpraktiker physiotherapie;0
heilpraktiker ausbildung physiotherapie;210;;2.06;0.68;HIGH;0.54;2.17;informational;Ausbildung & Prüfung;3;-19;-19;432.6;1.81;ausbildung heilpraktiker physiotherapie;0
ausleitung heilpraktiker;210;23;0.88;0.1;LOW;0.33;1.14;informational;Marken- & Praxisnamen;2;-21;-58;184.8;1.02;ausleitung heilpraktiker;1
bioresonanz heilpraktiker;210;19;1.49;0.22;LOW;0.59;3.09;informational;Methoden & Therapien;2;;-47;312.9;1.52;bioresonanz heilpraktiker;1
heilpraktiker bioresonanz;210;30;1.49;0.22;LOW;0.59;3.09;informational;Methoden & Therapien;2;;-47;312.9;1.12;bioresonanz heilpraktiker;0
blasenentzündung naturheilkunde;210;;0.99;1;HIGH;0.4;1.08;informational;Beschwerden & Indikationen;2;;-18;207.9;1.18;blasenentzündung naturheilkunde;1
naturheilkunde blasenentzündung;210;;0.99;1;HIGH;0.4;1.08;informational;Beschwerden & Indikationen;2;;-18;207.9;1.18;blasenentzündung naturheilkunde;0
buch heilpraktiker psychotherapie;210;;0.87;1;HIGH;0.36;2.65;informational;Heilpraktiker Psychotherapie;3;-35;21;182.7;1.11;buch heilpraktiker psychotherapie;1
heilpraktiker psychotherapie buch;210;;0.87;1;HIGH;0.36;2.65;informational;Heilpraktiker Psychotherapie;3;-35;21;182.7;1.11;buch heilpraktiker psychotherapie;0
böhmermann heilpraktiker;210;4;0.0;0;LOW;;;informational;Marken- & Praxisnamen;2;-50;;0.0;1.18;böhmermann heilpraktiker;1
celle heilpraktiker;210;2;0.0;0.08;LOW;;;informational;Lokale Suche;2;;-18;0.0;1.35;celle heilpraktiker;1
heilpraktiker celle;210;;0.0;0.08;LOW;;;informational;Lokale Suche;2;;-18;0.0;0.59;celle heilpraktiker;0
finest aesthetic naturheilpraxis für ästhetische medizin;210;;2.11;0.11;LOW;0.79;2;commercial;Marken- & Praxisnamen;6;-19;133;443.1;1.84;finest aesthetic naturheilpraxis für ästhetische medizin;1
frauenärzte mit naturheilkunde;210;;0.93;0.12;LOW;0.63;1.66;informational;Ärzte, Kliniken & Schulmedizin;3;;;195.3;1.14;frauenärzte mit naturheilkunde;1
gebührenverzeichnis für heilpraktiker gebüh;210;7;0.04;0.07;LOW;0.01;0.05;informational;Praxisbetrieb & Kosten;4;;180;8.4;1.04;gebührenverzeichnis für heilpraktiker gebüh;1
heilpraktiker akademie;210;18;1.87;0.96;HIGH;1.94;3.6;informational;Ausbildung & Prüfung;2;24;50;392.7;1.81;heilpraktiker akademie;1
heilpraktiker ausbildung als physiotherapeut;210;;2.06;0.68;HIGH;0.54;2.17;informational;Ausbildung & Prüfung;4;-19;-19;432.6;1.81;heilpraktiker ausbildung als physiotherapeut;1
heilpraktiker ausbildung für physiotherapeuten;210;;2.06;0.68;HIGH;0.54;2.17;informational;Ausbildung & Prüfung;4;-19;-19;432.6;1.81;heilpraktiker ausbildung für physiotherapeuten;1
heilpraktiker ausbildung in der nähe;210;49;2.92;0.73;HIGH;1.06;3.8;informational;Ausbildung & Prüfung;5;-35;-48;613.2;1.22;heilpraktiker ausbildung in der nähe;1
heilpraktiker ausbildung schnellkurs;210;15;3.24;0.87;HIGH;0.81;2.67;informational;Ausbildung & Prüfung;3;-21;-58;680.4;2.97;heilpraktiker ausbildung schnellkurs;1
heilpraktiker berlin jobs;210;;0.85;0.2;LOW;0.11;0.76;informational;Jobs & Gehalt;3;-19;-19;178.5;1.09;heilpraktiker berlin jobs;1
heilpraktiker jobs berlin;210;;0.85;0.2;LOW;0.11;0.76;informational;Jobs & Gehalt;3;-19;-19;178.5;1.09;heilpraktiker berlin jobs;0
jobs heilpraktiker berlin;210;;0.85;0.2;LOW;0.11;0.76;informational;Jobs & Gehalt;3;-19;-19;178.5;1.09;heilpraktiker berlin jobs;0
heilpraktiker bioresonanz in der nähe;210;;1.51;0.38;MEDIUM;0.56;1.21;navigational;Methoden & Therapien;5;-35;;317.1;1.49;heilpraktiker bioresonanz in der nähe;1
heilpraktiker böblingen;210;4;1.73;0.24;LOW;0.6;2.53;navigational;Lokale Suche;2;24;24;363.3;3.23;heilpraktiker böblingen;1
heilpraktiker detmold;210;;0.43;0.13;LOW;0.34;0.81;navigational;Lokale Suche;2;;-19;90.3;0.85;heilpraktiker detmold;1
heilpraktiker für physiotherapie ausbildung;210;;2.06;0.68;HIGH;0.54;2.17;informational;Ausbildung & Prüfung;4;-19;-19;432.6;1.81;heilpraktiker für physiotherapie ausbildung;1
heilpraktiker gebührenordnung 2025;210;6;0.02;0.02;LOW;;;informational;Praxisbetrieb & Kosten;3;;-97;4.2;1.07;heilpraktiker gebührenordnung 2025;1
heilpraktiker gifhorn;210;5;3.17;0.14;LOW;0.47;4.72;navigational;Lokale Suche;2;-18;-46;665.7;4.64;heilpraktiker gifhorn;1
heilpraktiker hameln;210;;0.52;0.02;LOW;;;navigational;Lokale Suche;2;-18;-33;109.2;0.9;heilpraktiker hameln;1
heilpraktiker hanau;210;;0.56;0.17;LOW;0.35;1.52;navigational;Lokale Suche;2;;-19;117.6;0.92;heilpraktiker hanau;1
heilpraktiker ibbenbüren;210;;0.34;0.07;LOW;;;navigational;Lokale Suche;2;-18;-46;71.4;0.79;heilpraktiker ibbenbüren;1
heilpraktiker job;210;;0.39;0.14;LOW;0.1;1.08;informational;Jobs & Gehalt;2;-33;-46;81.9;0.82;heilpraktiker job;1
heilpraktiker kaiserslautern;210;;0.5;0.07;LOW;;;navigational;Lokale Suche;2;-18;-46;105.0;0.89;heilpraktiker kaiserslautern;1
heilpraktiker konstanz;210;11;1.74;0.25;LOW;0.38;1.42;navigational;Lokale Suche;2;-19;-19;365.4;2.26;heilpraktiker konstanz;1
konstanz heilpraktiker;210;13;1.74;0.25;LOW;0.38;1.42;informational;Lokale Suche;2;-19;-19;365.4;2.08;heilpraktiker konstanz;0
heilpraktiker krankenkasse;210;;2.8;0.27;LOW;0.86;3.03;commercial;Versicherung & Kostenerstattung;2;-19;-35;588.0;2.25;heilpraktiker krankenkasse;1
krankenkasse heilpraktiker;210;;2.8;0.27;LOW;0.86;3.03;informational;Versicherung & Kostenerstattung;2;-19;-35;588.0;2.25;heilpraktiker krankenkasse;0
krankenkassen heilpraktiker;210;;2.8;0.27;LOW;0.86;3.03;informational;Versicherung & Kostenerstattung;2;-19;-35;588.0;2.25;heilpraktiker krankenkasse;0
krankenkasse mit heilpraktiker;210;;2.8;0.27;LOW;0.86;3.03;commercial;Versicherung & Kostenerstattung;3;-19;-35;588.0;2.25;heilpraktiker krankenkasse;0
heilpraktiker kulmbach;210;;4.15;0.17;LOW;1.88;7.68;navigational;Lokale Suche;2;-57;-77;871.5;3.05;heilpraktiker kulmbach;1
kulmbach heilpraktiker;210;;4.15;0.17;LOW;1.88;7.68;navigational;Lokale Suche;2;-57;-77;871.5;3.05;heilpraktiker kulmbach;0
heilpraktiker lehrbuch;210;;0.69;1;HIGH;0.29;2.03;informational;Ausbildung & Prüfung;2;-19;-19;144.9;1.0;heilpraktiker lehrbuch;1
lehrbuch fuer heilpraktiker;210;;0.69;1;HIGH;0.29;2.03;informational;Ausbildung & Prüfung;3;-19;-19;144.9;1.0;heilpraktiker lehrbuch;0
lehrbücher heilpraktiker;210;;0.69;1;HIGH;0.29;2.03;informational;Bücher & Medien;2;-19;-19;144.9;1.0;heilpraktiker lehrbuch;0
lehrbuch heilpraktiker;210;;0.69;1;HIGH;0.29;2.03;informational;Ausbildung & Prüfung;2;-19;-19;144.9;1.0;heilpraktiker lehrbuch;0
heilpraktiker lehrbücher;210;;0.69;1;HIGH;0.29;2.03;informational;Bücher & Medien;2;-19;-19;144.9;1.0;heilpraktiker lehrbuch;0
heilpraktiker lippstadt;210;;1.66;0.18;LOW;0.35;0.83;navigational;Lokale Suche;2;-18;-18;348.6;1.57;heilpraktiker lippstadt;1
heilpraktiker lüdenscheid;210;;0.39;0.19;LOW;0.35;0.37;navigational;Lokale Suche;2;-46;-33;81.9;0.82;heilpraktiker lüdenscheid;1
heilpraktiker moers;210;16;0.51;0.18;LOW;0.35;1.12;navigational;Lokale Suche;2;-33;-46;107.1;1.02;heilpraktiker moers;1
moers heilpraktiker;210;;0.51;0.18;LOW;0.35;1.12;informational;Lokale Suche;2;-33;-46;107.1;0.89;heilpraktiker moers;0
heilpraktiker neubrandenburg;210;;0.0;0.02;LOW;;;navigational;Lokale Suche;2;-18;-56;0.0;0.59;heilpraktiker neubrandenburg;1
heilpraktiker nordhorn;210;;0.42;0.06;LOW;;;navigational;Lokale Suche;2;;21;88.2;0.84;heilpraktiker nordhorn;1
heilpraktiker online;210;10;6.09;0.85;HIGH;1.5;5.19;informational;Beruf, Verbände & Sonstiges;2;-18;-18;1278.9;6.1;heilpraktiker online;1
online heilpraktiker;210;19;6.09;0.85;HIGH;1.5;5.19;informational;Beruf, Verbände & Sonstiges;2;-18;-18;1278.9;4.33;heilpraktiker online;0
heilpraktiker praxis markus rachl;210;;0.18;0.05;LOW;;;informational;Marken- & Praxisnamen;4;21;-35;37.8;0.7;heilpraktiker praxis markus rachl;1
heilpraktiker psychotherapie ausbildung online;210;11;6.29;0.85;HIGH;2.64;6.3;informational;Ausbildung & Prüfung;4;-33;-33;1320.9;6.0;heilpraktiker psychotherapie ausbildung online;1
heilpraktiker psychotherapie online-ausbildung;210;13;6.29;0.85;HIGH;2.64;6.3;informational;Ausbildung & Prüfung;3;-33;-33;1320.9;5.52;heilpraktiker psychotherapie ausbildung online;0
online-ausbildung heilpraktiker psychotherapie;210;13;6.29;0.85;HIGH;2.64;6.3;informational;Ausbildung & Prüfung;3;-33;-33;1320.9;5.52;heilpraktiker psychotherapie ausbildung online;0
online ausbildung heilpraktiker psychotherapie;210;;6.29;0.85;HIGH;2.64;6.3;commercial;Ausbildung & Prüfung;4;-33;-33;1320.9;4.31;heilpraktiker psychotherapie ausbildung online;0
heilpraktiker psychotherapie online ausbildung;210;11;6.29;0.85;HIGH;2.64;6.3;informational;Ausbildung & Prüfung;4;-33;-33;1320.9;6.0;heilpraktiker psychotherapie ausbildung online;0
heilpraktiker psychotherapie prüfungsvorbereitung;210;;2.38;0.24;LOW;1.53;3.34;informational;Ausbildung & Prüfung;3;809;614;499.8;2.0;heilpraktiker psychotherapie prüfungsvorbereitung;1
prüfungsvorbereitung heilpraktiker psychotherapie;210;;2.38;0.24;LOW;1.53;3.34;informational;Ausbildung & Prüfung;3;809;614;499.8;2.0;heilpraktiker psychotherapie prüfungsvorbereitung;0
heilpraktiker rechnung;210;6;2.74;0.29;LOW;0.98;5.12;informational;Praxisbetrieb & Kosten;2;-33;-33;575.4;3.93;heilpraktiker rechnung;1
heilpraktiker rechnungen;210;6;2.74;0.29;LOW;0.98;5.12;informational;Praxisbetrieb & Kosten;2;-33;-33;575.4;3.93;heilpraktiker rechnung;0
rechnung heilpraktiker;210;6;2.74;0.29;LOW;0.98;5.12;informational;Praxisbetrieb & Kosten;2;-33;-33;575.4;3.93;heilpraktiker rechnung;0
heilpraktiker schorndorf;210;;0.81;0.28;LOW;0.47;0.86;navigational;Lokale Suche;2;-35;;170.1;1.07;heilpraktiker schorndorf;1
schorndorf heilpraktiker;210;1;0.81;0.28;LOW;0.47;0.86;navigational;Lokale Suche;2;-35;;170.1;2.64;heilpraktiker schorndorf;0
heilpraktiker schwabach;210;2;2.62;0.18;LOW;0.37;2.82;navigational;Lokale Suche;2;;-19;550.2;4.9;heilpraktiker schwabach;1
schwabach heilpraktiker;210;;2.62;0.18;LOW;0.37;2.82;navigational;Lokale Suche;2;;-19;550.2;2.14;heilpraktiker schwabach;0
heilpraktiker schwerin;210;10;0.43;0.07;LOW;0.35;1.08;navigational;Lokale Suche;2;24;;90.3;1.23;heilpraktiker schwerin;1
heilpraktiker schwäbisch gmünd;210;;0.6;0.15;LOW;0.35;0.59;navigational;Lokale Suche;3;-33;-33;126.0;0.95;heilpraktiker schwäbisch gmünd;1
heilpraktiker soest;210;;0.42;0.17;LOW;0.24;1.8;navigational;Lokale Suche;2;-19;-19;88.2;0.84;heilpraktiker soest;1
heilpraktiker software;210;16;9.37;0.55;MEDIUM;3.49;11.91;commercial;Praxisbetrieb & Kosten;2;-34;;1967.7;7.01;heilpraktiker software;1
software heilpraktiker;210;35;9.37;0.55;MEDIUM;3.49;11.91;commercial;Praxisbetrieb & Kosten;2;-34;;1967.7;4.18;heilpraktiker software;0
heilpraktiker steuerlich absetzbar;210;8;0.0;0.06;LOW;0.01;0.41;informational;Praxisbetrieb & Kosten;3;-19;-19;0.0;0.95;heilpraktiker steuerlich absetzbar;1
heilpraktiker steuerlich absetzen;210;10;0.0;0.06;LOW;0.01;0.41;informational;Praxisbetrieb & Kosten;3;-19;-19;0.0;0.86;heilpraktiker steuerlich absetzen;1
heilpraktiker traunstein;210;;0.85;0.2;LOW;0.36;1.36;navigational;Lokale Suche;2;-48;-48;178.5;1.09;heilpraktiker traunstein;1
heilpraktiker verband;210;89;1.15;0.11;LOW;0.56;3.21;informational;Beruf, Verbände & Sonstiges;2;-33;-33;241.5;0.4;heilpraktiker verband;1
verband heilpraktiker;210;95;1.15;0.11;LOW;0.56;3.21;informational;Beruf, Verbände & Sonstiges;2;-33;-33;241.5;0.38;heilpraktiker verband;0
verband der heilpraktiker;210;89;1.15;0.11;LOW;0.56;3.21;informational;Beruf, Verbände & Sonstiges;3;-33;-33;241.5;0.4;heilpraktiker verband;0
heilpraktiker weiden;210;;0.51;0.11;LOW;;;navigational;Lokale Suche;2;-33;-46;107.1;0.89;heilpraktiker weiden;1
heilpraktiker wetzlar;210;;0.53;0.07;LOW;0.34;0.37;navigational;Marken- & Praxisnamen;2;-48;-66;111.3;0.91;heilpraktiker wetzlar;1
wetzlar heilpraktiker;210;;0.53;0.07;LOW;0.34;0.37;informational;Marken- & Praxisnamen;2;-48;-66;111.3;0.91;heilpraktiker wetzlar;0
heilpraktiker witten;210;;0.67;0.26;LOW;0.52;0.65;navigational;Lokale Suche;2;;-19;140.7;0.99;heilpraktiker witten;1
witten heilpraktiker;210;;0.67;0.26;LOW;0.52;0.65;informational;Lokale Suche;2;;-19;140.7;0.99;heilpraktiker witten;0
heilpraktiker wittlich;210;;0.78;0.14;LOW;0.38;0.65;navigational;Lokale Suche;2;-19;-35;163.8;1.05;heilpraktiker wittlich;1
heilpraktiker wolfenbüttel;210;;0.95;0.14;LOW;0.35;0.8;navigational;Lokale Suche;2;;-35;199.5;1.15;heilpraktiker wolfenbüttel;1
job heilpraktiker berlin;210;;0.85;0.2;LOW;0.11;0.76;informational;Jobs & Gehalt;3;-19;-19;178.5;1.09;job heilpraktiker berlin;1
kinderarzt naturheilkunde in der nähe;210;;1.22;0.15;LOW;0.45;0.95;navigational;Ärzte, Kliniken & Schulmedizin;5;-57;-57;256.2;1.31;kinderarzt naturheilkunde in der nähe;1
klinik für naturheilkunde;210;27;1.33;0.25;LOW;0.58;1.67;navigational;Ärzte, Kliniken & Schulmedizin;3;-19;-19;279.3;1.13;klinik für naturheilkunde;1
kliniken für naturheilkunde;210;6;1.33;0.25;LOW;0.58;1.67;navigational;Ärzte, Kliniken & Schulmedizin;3;-19;-19;279.3;2.45;klinik für naturheilkunde;0
klinik naturheilkunde;210;28;1.33;0.25;LOW;0.58;1.67;navigational;Ärzte, Kliniken & Schulmedizin;2;-19;-19;279.3;1.1;klinik naturheilkunde;1
naturheilkunde klinik;210;17;1.33;0.25;LOW;0.58;1.67;informational;Ärzte, Kliniken & Schulmedizin;2;-19;-19;279.3;1.52;klinik naturheilkunde;0
lehrbuch für heilpraktiker;210;;0.69;1;HIGH;0.29;2.03;informational;Ausbildung & Prüfung;3;-19;-19;144.9;1.0;lehrbuch für heilpraktiker;1
naturheilpraxis andreas huber;210;;0.0;0.06;LOW;;;navigational;Marken- & Praxisnamen;3;;;0.0;0.59;naturheilpraxis andreas huber;1
naturheilpraxis david gründel;210;;0.33;0.06;LOW;;;informational;Marken- & Praxisnamen;3;24;;69.3;0.79;naturheilpraxis david gründel;1
naturheilpraxis dr med michael nicklas;210;;0.13;0.02;LOW;;;navigational;Marken- & Praxisnamen;5;-35;;27.3;0.67;naturheilpraxis dr med michael nicklas;1
naturheilpraxis florian grill;210;;0.0;0.07;LOW;;;navigational;Marken- & Praxisnamen;3;-66;-58;0.0;0.59;naturheilpraxis florian grill;1
naturheilpraxis ingelheim;210;;0.0;0.02;LOW;;;navigational;Lokale Suche;2;24;24;0.0;0.59;naturheilpraxis ingelheim;1
naturheilpraxis körperarchitektur heilpraktiker carsten hubig;210;;0.0;0.02;LOW;;;commercial;Marken- & Praxisnamen;5;;50;0.0;0.59;naturheilpraxis körperarchitektur heilpraktiker carsten hubig;1
naturheilpraxis robin arms;210;;0.0;0.02;LOW;;;informational;Marken- & Praxisnamen;3;;;0.0;0.59;naturheilpraxis robin arms;1
neurasan naturheilpraxis markus gross;210;;2.1;0.03;LOW;;;navigational;Marken- & Praxisnamen;4;24;53;441.0;1.83;neurasan naturheilpraxis markus gross;1
praxis für naturheilkunde andreas olivari;210;;0.0;0.04;LOW;;;navigational;Marken- & Praxisnamen;5;53;24;0.0;0.59;praxis für naturheilkunde andreas olivari;1
praxis für naturheilkunde und chiropraktik heilpraktiker thomas maaß;210;;0.0;0.05;LOW;;;informational;Methoden & Therapien;8;-19;;0.0;0.59;praxis für naturheilkunde und chiropraktik heilpraktiker thomas maaß;1
psychotherapie heilpraktiker leipzig;210;14;1.6;0.43;MEDIUM;0.64;1.77;informational;Heilpraktiker Psychotherapie;3;-35;;336.0;1.89;psychotherapie heilpraktiker leipzig;1
sektorale heilpraktiker podologie;210;;2.36;0.17;LOW;0.48;2.42;navigational;Sektoraler Heilpraktiker;3;-19;-19;495.6;1.99;sektorale heilpraktiker podologie;1
software für heilpraktiker;210;;9.37;0.55;MEDIUM;3.49;11.91;commercial;Praxisbetrieb & Kosten;3;-34;;1967.7;6.14;software für heilpraktiker;1
verband für heilpraktiker;210;89;1.15;0.11;LOW;0.56;3.21;informational;Beruf, Verbände & Sonstiges;3;-33;-33;241.5;0.4;verband für heilpraktiker;1
was verdienen heilpraktiker;210;;0.0;0.03;LOW;0.02;0.1;informational;Jobs & Gehalt;3;-18;-33;0.0;0.59;was verdienen heilpraktiker;1
was verdient heilpraktiker;210;;0.0;0.03;LOW;0.02;0.1;informational;Jobs & Gehalt;3;-18;-33;0.0;0.59;was verdient heilpraktiker;1
was verdient ein heilpraktiker;210;;0.0;0.03;LOW;0.02;0.1;informational;Jobs & Gehalt;4;-18;-33;0.0;0.59;was verdient heilpraktiker;0
wie lange dauert heilpraktiker ausbildung;210;15;1.64;0.64;MEDIUM;0.59;1.76;informational;Ausbildung & Prüfung;5;;;344.4;1.85;wie lange dauert heilpraktiker ausbildung;1
wie lange dauert eine heilpraktiker ausbildung;210;17;1.64;0.64;MEDIUM;0.59;1.76;informational;Ausbildung & Prüfung;6;;;344.4;1.72;wie lange dauert heilpraktiker ausbildung;0
zeitfenster in pankow zentrum für yoga pilates und naturheilkunde;210;;0.0;0.06;LOW;;;commercial;Marken- & Praxisnamen;9;;-19;0.0;0.59;zeitfenster in pankow zentrum für yoga pilates und naturheilkunde;1
zusatzversicherung heilpraktiker psychotherapie;210;14;4.14;0.75;HIGH;1.18;3.44;commercial;Versicherung & Kostenerstattung;3;-48;-35;869.4;3.74;zusatzversicherung heilpraktiker psychotherapie;1
akupunktur kosten heilpraktiker;170;14;1.06;0.06;LOW;0.33;0.9;commercial;Praxisbetrieb & Kosten;3;-21;-35;180.2;1.34;akupunktur kosten heilpraktiker;1
heilpraktiker akupunktur kosten;170;9;1.06;0.06;LOW;0.33;0.9;commercial;Praxisbetrieb & Kosten;3;-21;-35;180.2;1.65;akupunktur kosten heilpraktiker;0
kosten akupunktur heilpraktiker;170;8;1.06;0.06;LOW;0.33;0.9;commercial;Praxisbetrieb & Kosten;3;-21;-35;180.2;1.74;akupunktur kosten heilpraktiker;0
ausbildung heilpraktiker für psychotherapie berlin;170;18;3.67;0.83;HIGH;1.99;3.6;informational;Ausbildung & Prüfung;5;-21;-48;623.9;2.62;ausbildung heilpraktiker für psychotherapie berlin;1
heilpraktiker für psychotherapie berlin ausbildung;170;29;3.67;0.83;HIGH;1.99;3.6;informational;Ausbildung & Prüfung;5;-21;-48;623.9;1.92;ausbildung heilpraktiker für psychotherapie berlin;0
heilpraktiker für psychotherapie ausbildung berlin;170;6;3.67;0.83;HIGH;1.99;3.6;informational;Ausbildung & Prüfung;5;-21;-48;623.9;4.37;ausbildung heilpraktiker für psychotherapie berlin;0
ausbildung heilpraktiker für psychotherapie münchen;170;36;3.17;0.85;HIGH;1.3;3.85;informational;Ausbildung & Prüfung;5;-21;-35;538.9;1.46;ausbildung heilpraktiker für psychotherapie münchen;1
ausbildung zum heilpraktiker für psychotherapie münchen;170;47;3.17;0.85;HIGH;1.3;3.85;informational;Ausbildung & Prüfung;6;-21;-35;538.9;1.19;ausbildung heilpraktiker für psychotherapie münchen;0
heilpraktiker für psychotherapie ausbildung münchen;170;45;3.17;0.85;HIGH;1.3;3.85;informational;Ausbildung & Prüfung;5;-21;-35;538.9;1.23;ausbildung heilpraktiker für psychotherapie münchen;0
heilpraktiker für psychotherapie münchen ausbildung;170;44;3.17;0.85;HIGH;1.3;3.85;informational;Ausbildung & Prüfung;5;-21;-35;538.9;1.26;ausbildung heilpraktiker für psychotherapie münchen;0
ausbildung heilpraktiker köln;170;3;4.33;0.83;HIGH;1.8;3.99;informational;Ausbildung & Prüfung;3;-18;-33;736.1;5.99;ausbildung heilpraktiker köln;1
heilpraktiker ausbildung köln;170;3;4.33;0.83;HIGH;1.8;3.99;informational;Ausbildung & Prüfung;3;-18;-33;736.1;5.99;ausbildung heilpraktiker köln;0
heilpraktiker-ausbildung köln;170;6;4.33;0.83;HIGH;1.8;3.99;informational;Ausbildung & Prüfung;2;-18;-33;736.1;4.99;ausbildung heilpraktiker köln;0
heilpraktiker köln ausbildung;170;5;4.33;0.83;HIGH;1.8;3.99;informational;Ausbildung & Prüfung;3;-18;-33;736.1;5.28;ausbildung heilpraktiker köln;0
ausbildung heilpraktiker psychotherapie berlin;170;18;3.67;0.83;HIGH;1.99;3.6;informational;Ausbildung & Prüfung;4;-21;-48;623.9;2.62;ausbildung heilpraktiker psychotherapie berlin;1
heilpraktiker psychotherapie berlin ausbildung;170;13;3.67;0.83;HIGH;1.99;3.6;informational;Ausbildung & Prüfung;4;-21;-48;623.9;3.15;ausbildung heilpraktiker psychotherapie berlin;0
heilpraktiker psychotherapie ausbildung berlin;170;18;3.67;0.83;HIGH;1.99;3.6;informational;Ausbildung & Prüfung;4;-21;-48;623.9;2.62;ausbildung heilpraktiker psychotherapie berlin;0
heilpraktiker ausbildung psychotherapie berlin;170;25;3.67;0.83;HIGH;1.99;3.6;informational;Ausbildung & Prüfung;4;-21;-48;623.9;2.13;ausbildung heilpraktiker psychotherapie berlin;0
ausbildung heilpraktiker psychotherapie münchen;170;44;3.17;0.85;HIGH;1.3;3.85;informational;Ausbildung & Prüfung;4;-21;-35;538.9;1.26;ausbildung heilpraktiker psychotherapie münchen;1
heilpraktiker psychotherapie ausbildung münchen;170;44;3.17;0.85;HIGH;1.3;3.85;informational;Ausbildung & Prüfung;4;-21;-35;538.9;1.26;ausbildung heilpraktiker psychotherapie münchen;0
heilpraktiker psychotherapie münchen ausbildung;170;45;3.17;0.85;HIGH;1.3;3.85;informational;Ausbildung & Prüfung;4;-21;-35;538.9;1.23;ausbildung heilpraktiker psychotherapie münchen;0
ausbildung heilpraktiker stuttgart;170;;4.54;0.82;HIGH;1.17;4.22;informational;Ausbildung & Prüfung;3;;;771.8;2.92;ausbildung heilpraktiker stuttgart;1
heilpraktiker stuttgart ausbildung;170;16;4.54;0.82;HIGH;1.17;4.22;informational;Ausbildung & Prüfung;3;;;771.8;3.34;ausbildung heilpraktiker stuttgart;0
heilpraktiker ausbildung stuttgart;170;24;4.54;0.82;HIGH;1.17;4.22;informational;Ausbildung & Prüfung;3;;;771.8;2.59;ausbildung heilpraktiker stuttgart;0
bad kreuznach heilpraktiker;170;;0.41;0.12;LOW;;;navigational;Lokale Suche;3;-18;-18;69.7;0.74;bad kreuznach heilpraktiker;1
heilpraktiker bad kreuznach;170;;0.41;0.12;LOW;;;navigational;Lokale Suche;3;-18;-18;69.7;0.74;bad kreuznach heilpraktiker;0
barmer heilpraktiker;170;16;1.66;0.05;LOW;1.17;4.72;informational;Versicherung & Kostenerstattung;2;;-57;282.2;1.6;barmer heilpraktiker;1
heilpraktiker barmer;170;18;1.66;0.05;LOW;1.17;4.72;navigational;Versicherung & Kostenerstattung;2;;-57;282.2;1.49;barmer heilpraktiker;0
beruf heilpraktiker;170;51;2.59;0.45;MEDIUM;0.73;1.84;informational;Beruf, Verbände & Sonstiges;2;-21;-21;440.3;0.96;beruf heilpraktiker;1
heilpraktiker-beruf;170;39;2.59;0.45;MEDIUM;0.73;1.84;informational;Beruf, Verbände & Sonstiges;1;-21;-21;440.3;1.19;beruf heilpraktiker;0
heilpraktiker beruf;170;25;2.59;0.45;MEDIUM;0.73;1.84;informational;Beruf, Verbände & Sonstiges;2;-21;-21;440.3;1.64;beruf heilpraktiker;0
heilpraktiker berufe;170;6;2.59;0.45;MEDIUM;0.73;1.84;informational;Beruf, Verbände & Sonstiges;2;-21;-21;440.3;3.36;beruf heilpraktiker;0
bierbach naturheilpraxis heute;170;;0.72;1;HIGH;0.24;0.75;informational;Marken- & Praxisnamen;3;;89;122.4;0.91;bierbach naturheilpraxis heute;1
naturheilpraxis heute bierbach;170;;0.72;1;HIGH;0.24;0.75;navigational;Marken- & Praxisnamen;3;;89;122.4;0.91;bierbach naturheilpraxis heute;0
bioresonanzgerät heilpraktiker;170;15;2.59;0.48;MEDIUM;0.75;2.6;transactional;Methoden & Therapien;2;-36;-65;440.3;2.24;bioresonanzgerät heilpraktiker;1
bkk firmus heilpraktiker;170;;0.02;0.01;LOW;;;navigational;Marken- & Praxisnamen;3;-36;-47;3.4;0.54;bkk firmus heilpraktiker;1
bruchsal heilpraktiker;170;;0.61;0.18;LOW;0.41;2.68;informational;Lokale Suche;2;-35;-35;103.7;0.85;bruchsal heilpraktiker;1
heilpraktiker bruchsal;170;;0.61;0.18;LOW;0.41;2.68;informational;Lokale Suche;2;-35;-35;103.7;0.85;bruchsal heilpraktiker;0
bund deutscher heilpraktiker;170;43;0.0;0.01;LOW;;;informational;Marken- & Praxisnamen;3;-18;-18;0.0;0.31;bund deutscher heilpraktiker;1
dak heilpraktiker;170;;2.69;0.06;LOW;1.23;4.01;informational;Versicherung & Kostenerstattung;2;-36;-57;457.3;1.94;dak heilpraktiker;1
heilpraktiker dak;170;;2.69;0.06;LOW;1.23;4.01;informational;Versicherung & Kostenerstattung;2;-36;-57;457.3;1.94;dak heilpraktiker;0
darmreinigung beim heilpraktiker;170;5;0.73;0.46;MEDIUM;0.32;0.94;informational;Beschwerden & Indikationen;3;-47;-47;124.1;1.72;darmreinigung beim heilpraktiker;1
darmreinigung heilpraktiker;170;4;0.73;0.46;MEDIUM;0.32;0.94;informational;Beschwerden & Indikationen;2;-47;-47;124.1;1.82;darmreinigung heilpraktiker;1
heilpraktiker darmreinigung;170;4;0.73;0.46;MEDIUM;0.32;0.94;informational;Beschwerden & Indikationen;2;-47;-47;124.1;1.82;darmreinigung heilpraktiker;0
depression heilpraktiker;170;;0.9;0.46;MEDIUM;0.6;1.71;informational;Beschwerden & Indikationen;2;-18;-47;153.0;1.0;depression heilpraktiker;1
heilpraktiker depression;170;;0.9;0.46;MEDIUM;0.6;1.71;informational;Beschwerden & Indikationen;2;-18;-47;153.0;1.0;depression heilpraktiker;0
dimitri eckermann heilpraktiker chiropraktiker;170;;0.0;0.04;LOW;;;informational;Methoden & Therapien;4;24;91;0.0;0.53;dimitri eckermann heilpraktiker chiropraktiker;1
elvira bierbach naturheilpraxis heute;170;;0.72;1;HIGH;0.24;0.75;navigational;Marken- & Praxisnamen;4;;89;122.4;0.91;elvira bierbach naturheilpraxis heute;1
naturheilpraxis heute elvira bierbach;170;;0.72;1;HIGH;0.24;0.75;navigational;Marken- & Praxisnamen;4;;89;122.4;0.91;elvira bierbach naturheilpraxis heute;0
ernährung heilpraktiker;170;;1.03;0.32;LOW;0.6;2.85;informational;Marken- & Praxisnamen;2;-21;-58;175.1;1.07;ernährung heilpraktiker;1
heilpraktiker ernährung;170;;1.03;0.32;LOW;0.6;2.85;informational;Marken- & Praxisnamen;2;-21;-58;175.1;1.07;ernährung heilpraktiker;0
ernährungsberater heilpraktiker;170;;1.72;0.28;LOW;0.62;3.71;informational;Marken- & Praxisnamen;2;-21;-48;292.4;1.43;ernährungsberater heilpraktiker;1
heilpraktiker ernährungsberater;170;;1.72;0.28;LOW;0.62;3.71;informational;Marken- & Praxisnamen;2;-21;-48;292.4;1.43;ernährungsberater heilpraktiker;0
ernährungsberatung heilpraktiker;170;2;1.72;0.28;LOW;0.62;3.71;informational;Marken- & Praxisnamen;2;-21;-48;292.4;3.27;ernährungsberatung heilpraktiker;1
heilpraktiker ernährungsberatung;170;;1.72;0.28;LOW;0.62;3.71;informational;Marken- & Praxisnamen;2;-21;-48;292.4;1.43;ernährungsberatung heilpraktiker;0
fachverband deutscher heilpraktiker;170;89;4;0.04;LOW;1.26;2.5;informational;Marken- & Praxisnamen;3;;-19;680;0.83;fachverband deutscher heilpraktiker;1
fernstudium heilpraktiker psychotherapie;170;11;12.22;0.81;HIGH;4.27;10.36;informational;Ausbildung & Prüfung;3;-18;-57;2077.4;9.69;fernstudium heilpraktiker psychotherapie;1
heilpraktiker fuer psychotherapie fernstudium;170;13;12.22;0.81;HIGH;4.27;10.36;informational;Ausbildung & Prüfung;4;-18;-57;2077.4;8.91;fernstudium heilpraktiker psychotherapie;0
heilpraktiker psychotherapie fernstudium;170;13;12.22;0.81;HIGH;4.27;10.36;informational;Ausbildung & Prüfung;3;-18;-57;2077.4;8.91;fernstudium heilpraktiker psychotherapie;0
forchheim heilpraktiker;170;;1.57;0.13;LOW;;;informational;Lokale Suche;2;-36;-57;266.9;1.35;forchheim heilpraktiker;1
heilpraktiker forchheim;170;;1.57;0.13;LOW;;;navigational;Lokale Suche;2;-36;-57;266.9;1.35;forchheim heilpraktiker;0
freie heilpraktiker;170;34;0.0;0;LOW;;;informational;Marken- & Praxisnamen;2;-21;-35;0.0;0.37;freie heilpraktiker;1
glam aesthetic naturheilpraxis für medizinische kosmetik und ästhetik;170;;0.45;0.02;LOW;;;navigational;Marken- & Praxisnamen;8;;50;76.5;0.76;glam aesthetic naturheilpraxis für medizinische kosmetik und ästhetik;1
hans peter sommer heilpraktiker;170;;0.0;0.03;LOW;;;informational;Marken- & Praxisnamen;4;-19;21;0.0;0.53;hans peter sommer heilpraktiker;1
heilpraktiker ausbildung kosten jobcenter;170;;2.42;0.47;MEDIUM;0.68;2.66;commercial;Ausbildung & Prüfung;;-21;-35;411.4;1.8;heilpraktiker ausbildung kosten jobcenter;1
heilpraktiker bad kissingen;170;;1.17;0.03;LOW;;;navigational;Lokale Suche;3;-18;-18;198.9;1.14;heilpraktiker bad kissingen;1
heilpraktiker bad mergentheim;170;;0.09;0.02;LOW;;;navigational;Lokale Suche;3;24;133;15.3;0.57;heilpraktiker bad mergentheim;1
heilpraktiker calw;170;;0.81;0.09;LOW;;;informational;Lokale Suche;2;;120;137.7;0.95;heilpraktiker calw;1
heilpraktiker dorsten;170;;0.55;0.19;LOW;0.43;0.71;navigational;Lokale Suche;2;-18;-33;93.5;0.82;heilpraktiker dorsten;1
heilpraktiker eisenach;170;;0.26;0.02;LOW;;;informational;Lokale Suche;2;;;44.2;0.66;heilpraktiker eisenach;1
heilpraktiker elmshorn;170;10;1.16;0.29;LOW;0.56;1.09;informational;Lokale Suche;2;;-18;197.2;1.65;heilpraktiker elmshorn;1
heilpraktiker für dummies;170;;0.46;1;HIGH;0.06;0.23;informational;Ausbildung & Prüfung;3;-43;33;78.2;0.77;heilpraktiker für dummies;1
heilpraktiker für psychotherapie voraussetzung;170;5;2.09;0.72;HIGH;0.48;1.85;informational;Ausbildung & Prüfung;4;-21;-35;355.3;3.06;heilpraktiker für psychotherapie voraussetzung;1
heilpraktiker für tiere;170;8;2.7;0.48;MEDIUM;1.25;3.68;commercial;Tierheilkunde;3;-18;-18;459.0;3.12;heilpraktiker für tiere;1
heilpraktiker gera;170;;0.63;0.16;LOW;0.34;0.37;informational;Lokale Suche;2;-35;-35;107.1;0.86;heilpraktiker gera;1
heilpraktiker heidenheim;170;;0.8;0.09;LOW;;;navigational;Lokale Suche;2;-35;-35;136.0;0.95;heilpraktiker heidenheim;1
heilpraktiker herne;170;;0.76;0.4;MEDIUM;0.36;2.31;navigational;Lokale Suche;2;-21;;129.2;0.93;heilpraktiker herne;1
heilpraktiker hof;170;;0.51;0.05;LOW;;;navigational;Marken- & Praxisnamen;2;-18;-56;86.7;0.8;heilpraktiker hof;1
heilpraktiker husum;170;;0.72;0.11;LOW;;;navigational;Lokale Suche;2;;-47;122.4;0.91;heilpraktiker husum;1
heilpraktiker idar oberstein;170;;0.0;0.06;LOW;;;navigational;Lokale Suche;3;-48;-21;0.0;0.53;heilpraktiker idar oberstein;1
heilpraktiker idar-oberstein;170;;0.0;0.06;LOW;;;navigational;Lokale Suche;2;-48;-21;0.0;0.53;heilpraktiker idar oberstein;0
heilpraktiker ils;170;;3.7;0.74;HIGH;2.41;9.13;informational;Ausbildung & Prüfung;2;-18;-33;629.0;2.48;heilpraktiker ils;1
ils heilpraktiker;170;;3.7;0.74;HIGH;2.41;9.13;informational;Ausbildung & Prüfung;2;-18;-33;629.0;2.48;heilpraktiker ils;0
heilpraktiker isolde richter;170;28;1.02;0.49;MEDIUM;0.55;2.88;informational;Marken- & Praxisnamen;3;24;86;173.4;0.85;heilpraktiker isolde richter;1
isolde richter heilpraktiker;170;27;1.02;0.49;MEDIUM;0.55;2.88;informational;Marken- & Praxisnamen;3;24;86;173.4;0.87;heilpraktiker isolde richter;0
heilpraktiker jobs münchen;170;;0.56;0.19;LOW;0.11;0.91;informational;Jobs & Gehalt;3;21;21;95.2;0.82;heilpraktiker jobs münchen;1
heilpraktiker münchen jobs;170;;0.56;0.19;LOW;0.11;0.91;informational;Jobs & Gehalt;3;21;21;95.2;0.82;heilpraktiker jobs münchen;0
jobs heilpraktiker münchen;170;;0.56;0.19;LOW;0.11;0.91;informational;Jobs & Gehalt;3;21;21;95.2;0.82;heilpraktiker jobs münchen;0
heilpraktiker kreawi;170;6;3.04;0.35;MEDIUM;0.94;2.83;informational;Marken- & Praxisnamen;2;143;143;516.8;3.78;heilpraktiker kreawi;1
kreawi heilpraktiker;170;6;3.04;0.35;MEDIUM;0.94;2.83;informational;Marken- & Praxisnamen;2;143;143;516.8;3.78;heilpraktiker kreawi;0
heilpraktiker kronach;170;;0.58;0.04;LOW;;;navigational;Lokale Suche;2;50;24;98.6;0.83;heilpraktiker kronach;1
heilpraktiker landsberg;170;;0.66;0.13;LOW;;;navigational;Lokale Suche;2;-33;-18;112.2;0.87;heilpraktiker landsberg;1
landsberg heilpraktiker;170;;0.66;0.13;LOW;;;navigational;Lokale Suche;2;-33;-18;112.2;0.87;heilpraktiker landsberg;0
heilpraktiker lernkarten;170;;0.92;1;HIGH;0.21;1.41;informational;Ausbildung & Prüfung;2;24;24;156.4;1.01;heilpraktiker lernkarten;1
lernkarten heilpraktiker;170;;0.92;1;HIGH;0.21;1.41;informational;Ausbildung & Prüfung;2;24;24;156.4;1.01;heilpraktiker lernkarten;0
heilpraktiker logo;170;;0.0;0.21;LOW;0.67;2.93;informational;Praxisbetrieb & Kosten;2;-35;-48;0.0;0.53;heilpraktiker logo;1
logo heilpraktiker;170;;0.0;0.21;LOW;0.67;2.93;navigational;Praxisbetrieb & Kosten;2;-35;-48;0.0;0.53;heilpraktiker logo;0
heilpraktiker logos;170;;0.0;0.21;LOW;0.67;2.93;informational;Praxisbetrieb & Kosten;2;-35;-48;0.0;0.53;heilpraktiker logos;1
logos heilpraktiker;170;;0.0;0.21;LOW;0.67;2.93;informational;Praxisbetrieb & Kosten;2;-35;-48;0.0;0.53;heilpraktiker logos;0
heilpraktiker ludwigshafen;170;;0.55;0.23;LOW;0.35;0.85;navigational;Lokale Suche;2;-18;-18;93.5;0.82;heilpraktiker ludwigshafen;1
heilpraktiker lörrach;170;6;0.89;0.22;LOW;0.44;1.31;navigational;Lokale Suche;2;;-33;151.3;1.77;heilpraktiker lörrach;1
heilpraktiker neumarkt;170;;0.68;0.2;LOW;;;navigational;Lokale Suche;2;-36;-18;115.6;0.88;heilpraktiker neumarkt;1
heilpraktiker neunkirchen;170;;0.54;0.08;LOW;0.72;1.37;navigational;Lokale Suche;2;;;91.8;0.81;heilpraktiker neunkirchen;1
heilpraktiker nürtingen;170;11;0.9;0.29;LOW;0.6;1.08;navigational;Lokale Suche;2;-48;-48;153.0;1.39;heilpraktiker nürtingen;1
nürtingen heilpraktiker;170;6;0.9;0.29;LOW;0.6;1.08;navigational;Lokale Suche;2;-48;-48;153.0;1.78;heilpraktiker nürtingen;0
heilpraktiker papenburg;170;;0.69;0.19;LOW;0.43;0.75;navigational;Lokale Suche;2;;-35;117.3;0.89;heilpraktiker papenburg;1
papenburg heilpraktiker;170;;0.69;0.19;LOW;0.43;0.75;navigational;Lokale Suche;2;;-35;117.3;0.89;heilpraktiker papenburg;0
heilpraktiker prüfungsfragen mit lösungen;170;;0.79;0.98;HIGH;0.28;1.11;informational;Ausbildung & Prüfung;;-18;-47;134.3;0.94;heilpraktiker prüfungsfragen mit lösungen;1
heilpraktiker prüfungsfragen pdf;170;;0.88;0.79;HIGH;0.13;0.99;informational;Ausbildung & Prüfung;;-21;;149.6;0.99;heilpraktiker prüfungsfragen pdf;1
heilpraktiker psychotherapie nachteile;170;2;0.83;0.05;LOW;0.53;2.56;informational;Heilpraktiker Psychotherapie;3;-35;;141.1;2.2;heilpraktiker psychotherapie nachteile;1
heilpraktiker ratingen;170;;0.58;0.15;LOW;;;informational;Lokale Suche;2;-21;-66;98.6;0.83;heilpraktiker ratingen;1
heilpraktiker schweinfurt;170;1;0.38;0.09;LOW;;;navigational;Lokale Suche;2;-57;-57;64.6;1.79;heilpraktiker schweinfurt;1
heilpraktiker speyer;170;;0.67;0.15;LOW;;;navigational;Lokale Suche;2;-21;-48;113.9;0.88;heilpraktiker speyer;1
heilpraktiker stade;170;21;1.85;0.13;LOW;0.47;2.34;navigational;Lokale Suche;2;-18;-33;314.5;1.46;heilpraktiker stade;1
stade heilpraktiker;170;;1.85;0.13;LOW;0.47;2.34;informational;Lokale Suche;2;-18;-33;314.5;1.5;heilpraktiker stade;0
heilpraktiker stralsund;170;;1.1;0.03;LOW;;;navigational;Lokale Suche;2;-33;-18;187.0;1.11;heilpraktiker stralsund;1
stralsund heilpraktiker;170;;1.1;0.03;LOW;;;navigational;Lokale Suche;2;-33;-18;187.0;1.11;heilpraktiker stralsund;0
heilpraktiker tier;170;17;2.7;0.48;MEDIUM;1.25;3.68;informational;Tierheilkunde;2;-18;-18;459.0;2.15;heilpraktiker tier;1
heilpraktiker tiere;170;20;2.7;0.48;MEDIUM;1.25;3.68;informational;Tierheilkunde;2;-18;-18;459.0;1.95;heilpraktiker tiere;1
heilpraktiker umsatzsteuer;170;;4.11;0.12;LOW;1.01;3.7;informational;Praxisbetrieb & Kosten;2;-35;-35;698.7;2.69;heilpraktiker umsatzsteuer;1
umsatzsteuer heilpraktiker;170;;4.11;0.12;LOW;1.01;3.7;informational;Praxisbetrieb & Kosten;2;-35;-35;698.7;2.69;heilpraktiker umsatzsteuer;0
heilpraktiker umschulung;170;;3.73;0.69;HIGH;1.13;2.89;informational;Ausbildung & Prüfung;2;-21;-58;634.1;2.49;heilpraktiker umschulung;1
umschulung heilpraktiker;170;;3.73;0.69;HIGH;1.13;2.89;informational;Ausbildung & Prüfung;2;-21;-58;634.1;2.49;heilpraktiker umschulung;0
umschulung zum heilpraktiker;170;2;3.73;0.69;HIGH;1.13;2.89;informational;Ausbildung & Prüfung;3;-21;-58;634.1;5.69;heilpraktiker umschulung;0
heilpraktiker unna;170;;0.46;0.18;LOW;0.36;1.07;informational;Lokale Suche;2;;-33;78.2;0.77;heilpraktiker unna;1
unna heilpraktiker;170;;0.46;0.18;LOW;0.36;1.07;informational;Lokale Suche;2;;-33;78.2;0.77;heilpraktiker unna;0
heilpraktiker was machen die;170;6;0.0;0.05;LOW;0.41;1.56;informational;Marken- & Praxisnamen;4;-33;-18;0.0;0.94;heilpraktiker was machen die;1
heilpraktiker weinheim;170;9;1.52;0.21;LOW;0.61;3.39;navigational;Lokale Suche;2;-21;-21;258.4;2.02;heilpraktiker weinheim;1
heilpraktiker wunstorf;170;;0.74;0.1;LOW;;;navigational;Lokale Suche;2;;-33;125.8;0.92;heilpraktiker wunstorf;1
wunstorf heilpraktiker;170;;0.74;0.1;LOW;;;navigational;Lokale Suche;2;;-33;125.8;0.92;heilpraktiker wunstorf;0
heilpraktiker zwickau;170;6;0.93;0.26;LOW;0.41;1.05;navigational;Lokale Suche;2;-18;-18;158.1;1.81;heilpraktiker zwickau;1
heilpraktikerin eva kupper naturheilpraxis in münchen;170;7;0.0;0.04;LOW;;;informational;Lokale Suche;6;;53;0.0;0.89;heilpraktikerin eva kupper naturheilpraxis in münchen;1
heilzentrum helios heilpraktiker in nürnberg;170;;0.0;0.06;LOW;;;navigational;Lokale Suche;5;;24;0.0;0.53;heilzentrum helios heilpraktiker in nürnberg;1
hund naturheilkunde;170;;0.78;1;HIGH;0.61;2.47;informational;Tierheilkunde;2;-18;-33;132.6;0.94;hund naturheilkunde;1
naturheilkunde hund;170;;0.78;1;HIGH;0.61;2.47;informational;Tierheilkunde;2;-18;-33;132.6;0.94;hund naturheilkunde;0
naturheilkunde bei hunden;170;;0.78;1;HIGH;0.61;2.47;informational;Tierheilkunde;3;-18;-33;132.6;0.94;hund naturheilkunde;0
hunde naturheilkunde;170;;0.78;1;HIGH;0.61;2.47;informational;Tierheilkunde;2;-18;-33;132.6;0.94;hunde naturheilkunde;1
naturheilkunde hunde;170;;0.78;1;HIGH;0.61;2.47;informational;Tierheilkunde;2;-18;-33;132.6;0.94;hunde naturheilkunde;0
jürgen bückmann heilpraktiker;170;;0.0;0.02;LOW;;;informational;Marken- & Praxisnamen;3;27;-18;0.0;0.53;jürgen bückmann heilpraktiker;1
klinik blankenstein naturheilkunde bewertungen;170;2;0.0;0;LOW;;;informational;Ärzte, Kliniken & Schulmedizin;4;-71;-71;0.0;1.2;klinik blankenstein naturheilkunde bewertungen;1
kosten heilpraktiker ausbildung;170;;3.1;0.72;HIGH;0.76;2.82;informational;Ausbildung & Prüfung;3;-21;-48;527.0;2.16;kosten heilpraktiker ausbildung;1
lernkarten für heilpraktiker;170;;0.92;1;HIGH;0.21;1.41;informational;Ausbildung & Prüfung;3;24;24;156.4;1.01;lernkarten für heilpraktiker;1
lipoprotein a senken naturheilkunde;170;;1.02;0.98;HIGH;0.32;0.77;informational;Beschwerden & Indikationen;4;55;55;173.4;1.06;lipoprotein a senken naturheilkunde;1
logo für heilpraktiker;170;;0.0;0.21;LOW;0.67;2.93;commercial;Praxisbetrieb & Kosten;3;-35;-48;0.0;0.53;logo für heilpraktiker;1
logos für heilpraktiker;170;;0.0;0.21;LOW;0.67;2.93;informational;Praxisbetrieb & Kosten;3;-35;-48;0.0;0.53;logos für heilpraktiker;1
lohnt sich eine heilpraktiker zusatzversicherung;170;;1.85;0.74;HIGH;0.74;2.29;commercial;Versicherung & Kostenerstattung;5;;-48;314.5;1.5;lohnt sich eine heilpraktiker zusatzversicherung;1
lohnt sich eine heilpraktiker-zusatzversicherung;170;;1.85;0.74;HIGH;0.74;2.29;commercial;Versicherung & Kostenerstattung;4;;-48;314.5;1.5;lohnt sich eine heilpraktiker zusatzversicherung;0
mülter kai heilpraktiker osteopathie;170;;0.0;0.04;LOW;;;informational;Methoden & Therapien;4;;56;0.0;0.53;mülter kai heilpraktiker osteopathie;1
naturheilkunde beim hund;170;;0.78;1;HIGH;0.61;2.47;informational;Tierheilkunde;3;-18;-33;132.6;0.94;naturheilkunde beim hund;1
naturheilkunde für hunde;170;;0.78;1;HIGH;0.61;2.47;informational;Tierheilkunde;3;-18;-33;132.6;0.94;naturheilkunde für hunde;1
naturheilpraxis becker;170;;1.76;0.01;LOW;;;navigational;Marken- & Praxisnamen;2;-19;55;299.2;1.45;naturheilpraxis becker;1
naturheilpraxis dr bauer;170;2;0.0;0.04;LOW;;;navigational;Marken- & Praxisnamen;3;86;24;0.0;1.2;naturheilpraxis dr bauer;1
naturheilpraxis markhoff;170;;5.29;0.04;LOW;;;navigational;Marken- & Praxisnamen;2;24;91;899.3;3.31;naturheilpraxis markhoff;1
naturheilpraxis sänger;170;;0.0;0.02;LOW;;;informational;Marken- & Praxisnamen;2;;-35;0.0;0.53;naturheilpraxis sänger;1
naturheilpraxis vöhringer;170;;0.0;0.05;LOW;;;navigational;Marken- & Praxisnamen;2;-21;-21;0.0;0.53;naturheilpraxis vöhringer;1
osteopathie christian simmerl heilpraktiker;170;;0.0;0.04;LOW;;;navigational;Methoden & Therapien;4;53;53;0.0;0.53;osteopathie christian simmerl heilpraktiker;1
osteopathie wuppertal mark buchholz heilpraktiker;170;;0.0;0.05;LOW;;;navigational;Methoden & Therapien;5;-18;-18;0.0;0.53;osteopathie wuppertal mark buchholz heilpraktiker;1
praxis für naturheilkunde nikolai kosel;170;;0.0;0.02;LOW;;;informational;Marken- & Praxisnamen;5;;-18;0.0;0.53;praxis für naturheilkunde nikolai kosel;1
praxis uwe fröhlich physiotherapie und naturheilkunde;170;;0.48;0.06;LOW;;;informational;Sektoraler Heilpraktiker;6;-18;;81.6;0.78;praxis uwe fröhlich physiotherapie und naturheilkunde;1
rosacea behandlung naturheilkunde;170;;0.83;0.99;HIGH;0.18;1.29;informational;Beschwerden & Indikationen;3;-33;1200;141.1;0.96;rosacea behandlung naturheilkunde;1
was ist heilpraktiker;170;22;1.68;0.06;LOW;0.44;1.61;informational;Informational / Erklärung;3;-19;;285.6;1.33;was ist heilpraktiker;1
zentrum für naturheilkunde münchen;170;7;0.61;0.18;LOW;0.38;2.79;informational;Lokale Suche;4;;56;103.7;1.43;zentrum für naturheilkunde münchen;1
zentrum naturheilkunde münchen;170;16;0.61;0.18;LOW;0.38;2.79;navigational;Lokale Suche;3;;56;103.7;0.97;zentrum naturheilkunde münchen;1
akne heilpraktiker;140;;1.97;0.52;MEDIUM;1.07;2.8;informational;Beschwerden & Indikationen;2;-36;-50;275.8;1.41;akne heilpraktiker;1
heilpraktiker akne;140;;1.97;0.52;MEDIUM;1.07;2.8;commercial;Beschwerden & Indikationen;2;-36;-50;275.8;1.41;akne heilpraktiker;0
heilpraktiker bei akne;140;;1.97;0.52;MEDIUM;1.07;2.8;informational;Beschwerden & Indikationen;3;-36;-50;275.8;1.41;akne heilpraktiker;0
aok heilpraktiker kostenübernahme;140;3;0.0;0.01;LOW;;;commercial;Versicherung & Kostenerstattung;3;;-59;0.0;1.01;aok heilpraktiker kostenübernahme;1
heilpraktiker kostenübernahme aok;140;9;0.0;0.01;LOW;;;commercial;Versicherung & Kostenerstattung;3;;-59;0.0;0.72;aok heilpraktiker kostenübernahme;0
aok kostenübernahme heilpraktiker;140;;0.0;0.01;LOW;;;commercial;Versicherung & Kostenerstattung;3;;-59;0.0;0.47;aok heilpraktiker kostenübernahme;0
arzt für naturheilkunde und schulmedizin;140;;0.84;0.27;LOW;0.51;1.6;informational;Ärzte, Kliniken & Schulmedizin;5;-29;-71;117.6;0.87;arzt für naturheilkunde und schulmedizin;1
arzt oder heilpraktiker;140;;0.0;0.05;LOW;;;informational;Ärzte, Kliniken & Schulmedizin;3;;-47;0.0;0.47;arzt oder heilpraktiker;1
heilpraktiker oder arzt;140;;0.0;0.05;LOW;;;informational;Ärzte, Kliniken & Schulmedizin;3;;-47;0.0;0.47;arzt oder heilpraktiker;0
arzt und heilpraktiker in der nähe;140;7;1.03;0.3;LOW;0.44;2.27;navigational;Ärzte, Kliniken & Schulmedizin;6;-36;-36;144.2;1.62;arzt und heilpraktiker in der nähe;1
ausbildung heilpraktiker frankfurt;140;32;4.09;0.8;HIGH;1.06;3.76;informational;Ausbildung & Prüfung;3;-21;-35;572.6;1.75;ausbildung heilpraktiker frankfurt;1
heilpraktiker frankfurt ausbildung;140;37;4.09;0.8;HIGH;1.06;3.76;informational;Ausbildung & Prüfung;3;-21;-35;572.6;1.57;ausbildung heilpraktiker frankfurt;0
heilpraktiker ausbildung frankfurt;140;37;4.09;0.8;HIGH;1.06;3.76;informational;Ausbildung & Prüfung;3;-21;-35;572.6;1.57;ausbildung heilpraktiker frankfurt;0
heilpraktiker-ausbildung frankfurt;140;33;4.09;0.8;HIGH;1.06;3.76;informational;Ausbildung & Prüfung;2;-21;-35;572.6;1.71;ausbildung heilpraktiker frankfurt;0
ausbildung heilpraktiker hannover;140;11;3.3;0.71;HIGH;0.95;4.22;informational;Ausbildung & Prüfung;3;;-47;462.0;2.83;ausbildung heilpraktiker hannover;1
heilpraktiker-ausbildung hannover;140;5;3.3;0.71;HIGH;0.95;4.22;informational;Ausbildung & Prüfung;2;;-47;462.0;3.83;ausbildung heilpraktiker hannover;0
heilpraktiker hannover ausbildung;140;8;3.3;0.71;HIGH;0.95;4.22;informational;Ausbildung & Prüfung;3;;-47;462.0;3.26;ausbildung heilpraktiker hannover;0
heilpraktiker ausbildung hannover;140;8;3.3;0.71;HIGH;0.95;4.22;informational;Ausbildung & Prüfung;3;;-47;462.0;3.26;ausbildung heilpraktiker hannover;0
ausbildung heilpraktiker nürnberg;140;8;3.24;0.78;HIGH;1.03;3.73;informational;Ausbildung & Prüfung;3;;-47;453.6;3.21;ausbildung heilpraktiker nürnberg;1
heilpraktiker ausbildung nürnberg;140;8;3.24;0.78;HIGH;1.03;3.73;informational;Ausbildung & Prüfung;3;;-47;453.6;3.21;ausbildung heilpraktiker nürnberg;0
heilpraktiker nürnberg ausbildung;140;14;3.24;0.78;HIGH;1.03;3.73;informational;Ausbildung & Prüfung;3;;-47;453.6;2.47;ausbildung heilpraktiker nürnberg;0
ayse meren heilpraktiker;140;;0.0;0.04;LOW;0.96;2.76;navigational;Marken- & Praxisnamen;3;24;600;0.0;0.47;ayse meren heilpraktiker;1
bad tölz heilpraktiker;140;;0.55;0.17;LOW;0.67;1.86;navigational;Lokale Suche;3;;-18;77.0;0.73;bad tölz heilpraktiker;1
heilpraktiker bad tölz;140;;0.55;0.17;LOW;0.67;1.86;navigational;Lokale Suche;3;;-18;77.0;0.73;bad tölz heilpraktiker;0
bad wörishofen heilpraktiker;140;;0.61;0.22;LOW;0.35;0.65;navigational;Lokale Suche;3;-21;-35;85.4;0.76;bad wörishofen heilpraktiker;1
heilpraktiker bad wörishofen;140;;0.61;0.22;LOW;0.35;0.65;navigational;Lokale Suche;3;-21;-35;85.4;0.76;bad wörishofen heilpraktiker;0
beste heilpraktiker ausbildung online;140;24;6.85;0.82;HIGH;2.16;6.04;informational;Ausbildung & Prüfung;4;-22;-59;959.0;3.3;beste heilpraktiker ausbildung online;1
beste heilpraktiker-ausbildung online;140;24;6.85;0.82;HIGH;2.16;6.04;informational;Ausbildung & Prüfung;3;-22;-59;959.0;3.3;beste heilpraktiker ausbildung online;0
beste heilpraktiker zusatzversicherung;140;18;5.68;0.81;HIGH;1.63;5.06;commercial;Versicherung & Kostenerstattung;3;;-47;795.2;3.37;beste heilpraktiker zusatzversicherung;1
beste zusatzversicherung heilpraktiker;140;20;5.68;0.81;HIGH;1.63;5.06;commercial;Versicherung & Kostenerstattung;3;;-47;795.2;3.16;beste heilpraktiker zusatzversicherung;0
beste heilpraktiker-zusatzversicherung;140;21;5.68;0.81;HIGH;1.63;5.06;commercial;Versicherung & Kostenerstattung;2;;-47;795.2;3.07;beste heilpraktiker zusatzversicherung;0
beste zusatzversicherung für heilpraktiker;140;21;5.68;0.81;HIGH;1.63;5.06;commercial;Versicherung & Kostenerstattung;4;;-47;795.2;3.07;beste zusatzversicherung für heilpraktiker;1
borken heilpraktiker;140;;1.21;0.11;LOW;;;navigational;Lokale Suche;2;-47;-47;169.4;1.05;borken heilpraktiker;1
heilpraktiker borken;140;;1.21;0.11;LOW;;;navigational;Lokale Suche;2;-47;-47;169.4;1.05;borken heilpraktiker;0
buxtehude heilpraktiker;140;;1.74;0.18;LOW;0.65;1.34;informational;Lokale Suche;2;-21;-35;243.6;1.3;buxtehude heilpraktiker;1
heilpraktiker buxtehude;140;;1.74;0.18;LOW;0.65;1.34;navigational;Lokale Suche;2;-21;-35;243.6;1.3;buxtehude heilpraktiker;0
bühl heilpraktiker;140;1;0.75;0.18;LOW;;;navigational;Lokale Suche;2;-35;-35;105.0;2.04;bühl heilpraktiker;1
heilpraktiker bühl;140;1;0.75;0.18;LOW;;;navigational;Lokale Suche;2;-35;-35;105.0;2.04;bühl heilpraktiker;0
darf ein heilpraktiker blut abnehmen;140;;0.0;0;LOW;;;informational;Beschwerden & Indikationen;5;-21;-35;0.0;0.47;darf ein heilpraktiker blut abnehmen;1
debeka heilpraktiker;140;;0.12;0.08;LOW;1.09;4.76;informational;Versicherung & Kostenerstattung;2;-18;-36;16.8;0.53;debeka heilpraktiker;1
dürfen heilpraktiker hyaluron spritzen;140;;0.0;0;LOW;;;informational;Informational / Erklärung;4;-21;-21;0.0;0.47;dürfen heilpraktiker hyaluron spritzen;1
engen heilpraktiker;140;;0.67;0.05;LOW;;;informational;Lokale Suche;2;;;93.8;0.79;engen heilpraktiker;1
heilpraktiker engen;140;;0.67;0.05;LOW;;;navigational;Lokale Suche;2;;;93.8;0.79;engen heilpraktiker;0
fellbach heilpraktiker;140;;0.7;0.27;LOW;0.55;1.11;navigational;Lokale Suche;2;-18;-18;98.0;0.8;fellbach heilpraktiker;1
heilpraktiker fellbach;140;;0.7;0.27;LOW;0.55;1.11;navigational;Lokale Suche;2;-18;-18;98.0;0.8;fellbach heilpraktiker;0
gicht naturheilkunde;140;;0.88;1;HIGH;0.12;0.68;informational;Beschwerden & Indikationen;2;27;-33;123.2;0.89;gicht naturheilkunde;1
naturheilkunde gicht;140;;0.88;1;HIGH;0.12;0.68;informational;Beschwerden & Indikationen;2;27;-33;123.2;0.89;gicht naturheilkunde;0
haarausfall heilpraktiker;140;;1.39;0.44;MEDIUM;0.37;1.62;informational;Beschwerden & Indikationen;2;-18;-57;194.6;1.13;haarausfall heilpraktiker;1
heilpraktiker haarausfall;140;;1.39;0.44;MEDIUM;0.37;1.62;informational;Beschwerden & Indikationen;2;-18;-57;194.6;1.13;haarausfall heilpraktiker;0
hamburger heilpraktiker fachschule;140;19;2.94;0.19;LOW;0.83;3.34;informational;Ausbildung & Prüfung;3;-33;27;411.6;1.93;hamburger heilpraktiker fachschule;1
haug heilpraktiker prüfungstrainer;140;;1.38;0.5;MEDIUM;0.52;1.71;informational;Ausbildung & Prüfung;3;80;-18;193.2;1.13;haug heilpraktiker prüfungstrainer;1
haug heilpraktiker-prüfungstrainer;140;3;1.38;0.5;MEDIUM;0.52;1.71;informational;Ausbildung & Prüfung;2;80;-18;193.2;2.4;haug heilpraktiker prüfungstrainer;0
haut heilpraktiker;140;;1.45;0.25;LOW;0.65;2.38;informational;Beschwerden & Indikationen;2;;-18;203.0;1.16;haut heilpraktiker;1
heilpraktiker haut;140;;1.45;0.25;LOW;0.65;2.38;informational;Beschwerden & Indikationen;2;;-18;203.0;1.16;haut heilpraktiker;0
heilpraktiker akupunktur in freiburg raum für ganzheitliche therapie;140;14;0.54;0.08;LOW;;;informational;Methoden & Therapien;8;22;;75.6;0.9;heilpraktiker akupunktur in freiburg raum für ganzheitliche therapie;1
heilpraktiker ausbildung bayern;140;32;4.57;0.78;HIGH;1.24;4.55;informational;Ausbildung & Prüfung;3;-36;-59;639.8;1.92;heilpraktiker ausbildung bayern;1
heilpraktiker bad salzuflen;140;;0.8;0.02;LOW;;;navigational;Lokale Suche;3;;-21;112.0;0.85;heilpraktiker bad salzuflen;1
heilpraktiker bergedorf;140;5;1.34;0.35;MEDIUM;0.61;1.28;navigational;Lokale Suche;2;-21;-35;187.6;2.09;heilpraktiker bergedorf;1
heilpraktiker bergisch gladbach;140;;0.65;0.18;LOW;;;navigational;Lokale Suche;3;-18;-47;91.0;0.78;heilpraktiker bergisch gladbach;1
heilpraktiker bietigheim;140;;0.85;0.25;LOW;0.49;1.02;navigational;Lokale Suche;2;-18;;119.0;0.88;heilpraktiker bietigheim;1
heilpraktiker coesfeld;140;;0.32;0.06;LOW;;;navigational;Lokale Suche;2;91;91;44.8;0.62;heilpraktiker coesfeld;1
heilpraktiker definition;140;42;0.0;0.02;LOW;;;informational;Informational / Erklärung;2;-21;-21;0.0;0.28;heilpraktiker definition;1
heilpraktiker delmenhorst;140;1;1.62;0.2;LOW;0.35;2.64;navigational;Lokale Suche;2;-18;-47;226.8;3.05;heilpraktiker delmenhorst;1
heilpraktiker dinkelsbühl;140;2;0.53;0.07;LOW;;;navigational;Lokale Suche;2;-36;-50;74.2;1.66;heilpraktiker dinkelsbühl;1
heilpraktiker emden;140;;0.87;0.08;LOW;;;navigational;Lokale Suche;2;;-35;121.8;0.89;heilpraktiker emden;1
heilpraktiker frankenberg;140;;0.89;0.04;LOW;;;navigational;Lokale Suche;2;-64;-29;124.6;0.89;heilpraktiker frankenberg;1
heilpraktiker freudenstadt;140;2;0.38;0.14;LOW;0.41;0.64;navigational;Lokale Suche;2;-21;-21;53.2;1.49;heilpraktiker freudenstadt;1
heilpraktiker friedrichshafen;140;;0.9;0.17;LOW;0.68;1.03;navigational;Lokale Suche;2;-35;;126.0;0.9;heilpraktiker friedrichshafen;1
heilpraktiker für haut;140;;1.45;0.25;LOW;0.65;2.38;informational;Beschwerden & Indikationen;3;;-18;203.0;1.16;heilpraktiker für haut;1
heilpraktiker für katzen;140;;1.24;0.22;LOW;0.45;2.38;informational;Tierheilkunde;3;-18;-36;173.6;1.06;heilpraktiker für katzen;1
heilpraktiker für pferde;140;12;2.77;0.37;MEDIUM;1.04;3.21;informational;Marken- & Praxisnamen;3;55;-19;387.8;2.38;heilpraktiker für pferde;1
heilpraktiker für psychotherapie in meiner nähe;140;;1.03;0.35;MEDIUM;0.51;2.06;commercial;Heilpraktiker Psychotherapie;6;21;89;144.2;0.96;heilpraktiker für psychotherapie in meiner nähe;1
heilpraktiker gebührenordnung 2026;140;6;0.04;0.04;LOW;0.02;0.06;commercial;Praxisbetrieb & Kosten;3;-46;;5.6;0.88;heilpraktiker gebührenordnung 2026;1
heilpraktiker gelnhausen;140;4;0.58;0.11;LOW;;;navigational;Lokale Suche;2;;;81.2;1.5;heilpraktiker gelnhausen;1
heilpraktiker greven;140;;0.93;0.06;LOW;;;navigational;Lokale Suche;2;-47;-47;130.2;0.91;heilpraktiker greven;1
heilpraktiker grünberg;140;;0.38;0.04;LOW;;;navigational;Lokale Suche;2;-36;-57;53.2;0.65;heilpraktiker grünberg;1
heilpraktiker gummersbach;140;;0.47;0.09;LOW;;;navigational;Lokale Suche;2;-36;-22;65.8;0.7;heilpraktiker gummersbach;1
heilpraktiker hemer;140;4;0.69;0.21;LOW;0.41;0.59;navigational;Lokale Suche;2;-36;-18;96.6;1.6;heilpraktiker hemer;1
hemer heilpraktiker;140;9;0.69;0.21;LOW;0.41;0.59;informational;Lokale Suche;2;-36;-18;96.6;1.22;heilpraktiker hemer;0
heilpraktiker herrenberg;140;4;1.02;0.18;LOW;0.6;2.05;navigational;Lokale Suche;2;-35;;142.8;1.91;heilpraktiker herrenberg;1
heilpraktiker holler;140;11;2.44;0.14;LOW;0.71;3.25;informational;Marken- & Praxisnamen;2;-21;-35;341.6;2.27;heilpraktiker holler;1
heilpraktiker holzkirchen;140;;0.53;0.14;LOW;;;navigational;Lokale Suche;2;-48;-21;74.2;0.72;heilpraktiker holzkirchen;1
heilpraktiker infusionstherapie;140;;1.91;0.36;MEDIUM;0.69;2.29;informational;Methoden & Therapien;2;;-18;267.4;1.38;heilpraktiker infusionstherapie;1
infusionstherapie heilpraktiker;140;;1.91;0.36;MEDIUM;0.69;2.29;informational;Methoden & Therapien;2;;-18;267.4;1.38;heilpraktiker infusionstherapie;0
heilpraktiker ingelheim;140;9;0.59;0.09;LOW;;;navigational;Lokale Suche;2;-59;-36;82.6;1.15;heilpraktiker ingelheim;1
heilpraktiker itzehoe;140;;0.93;0.25;LOW;0.37;1.17;navigational;Lokale Suche;2;-47;-36;130.2;0.91;heilpraktiker itzehoe;1
heilpraktiker katze;140;;1.24;0.22;LOW;0.45;2.38;informational;Tierheilkunde;2;-18;-36;173.6;1.06;heilpraktiker katze;1
heilpraktiker katzen;140;;1.24;0.22;LOW;0.45;2.38;informational;Tierheilkunde;2;-18;-36;173.6;1.06;heilpraktiker katzen;1
katzen heilpraktiker;140;;1.24;0.22;LOW;0.45;2.38;informational;Tierheilkunde;2;-18;-36;173.6;1.06;heilpraktiker katzen;0
heilpraktiker kleve;140;;0.35;0.03;LOW;;;navigational;Lokale Suche;2;-48;-35;49.0;0.64;heilpraktiker kleve;1
heilpraktiker kritik;140;8;0.0;0;LOW;;;informational;Beruf, Verbände & Sonstiges;2;-55;-55;0.0;0.76;heilpraktiker kritik;1
kritik heilpraktiker;140;8;0.0;0;LOW;;;informational;Beruf, Verbände & Sonstiges;2;-55;-55;0.0;0.76;heilpraktiker kritik;0
heilpraktiker lahr;140;;5.02;0.31;LOW;1.17;4.06;navigational;Lokale Suche;2;-36;-22;702.8;2.85;heilpraktiker lahr;1
heilpraktiker landau;140;;1.78;0.11;LOW;;;navigational;Lokale Suche;2;-36;-36;249.2;1.32;heilpraktiker landau;1
landau heilpraktiker;140;;1.78;0.11;LOW;;;navigational;Lokale Suche;2;-36;-36;249.2;1.32;heilpraktiker landau;0
heilpraktiker langenfeld;140;;0.77;0.16;LOW;;;navigational;Lokale Suche;2;-36;-36;107.8;0.84;heilpraktiker langenfeld;1
heilpraktiker leer;140;;0.73;0.2;LOW;0.33;0.69;informational;Lokale Suche;2;;-35;102.2;0.82;heilpraktiker leer;1
heilpraktiker lernen;140;31;4.45;0.94;HIGH;1.38;3.86;informational;Ausbildung & Prüfung;2;-18;-18;623.0;1.92;heilpraktiker lernen;1
heilpraktiker lünen;140;;0.6;0.18;LOW;0.4;1.17;navigational;Lokale Suche;2;-33;27;84.0;0.76;heilpraktiker lünen;1
lünen heilpraktiker;140;;0.6;0.18;LOW;0.4;1.17;informational;Lokale Suche;2;-33;27;84.0;0.76;heilpraktiker lünen;0
heilpraktiker marktoberdorf;140;;0.96;0.19;LOW;;;navigational;Lokale Suche;2;-36;;134.4;0.93;heilpraktiker marktoberdorf;1
heilpraktiker menden;140;;0.4;0.21;LOW;0.21;0.44;navigational;Lokale Suche;2;-21;-21;56.0;0.66;heilpraktiker menden;1
menden heilpraktiker;140;;0.4;0.21;LOW;0.21;0.44;navigational;Lokale Suche;2;-21;-21;56.0;0.66;heilpraktiker menden;0
heilpraktiker merzig;140;;0.26;0.08;LOW;;;navigational;Lokale Suche;2;-18;-18;36.4;0.6;heilpraktiker merzig;1
heilpraktiker mit augendiagnose in der nähe;140;;1.16;0.19;LOW;0.57;1.21;transactional;Methoden & Therapien;;-36;-59;162.4;1.02;heilpraktiker mit augendiagnose in der nähe;1
heilpraktiker mulitze;140;;0.0;0.06;LOW;;;informational;Marken- & Praxisnamen;2;50;50;0.0;0.47;heilpraktiker mulitze;1
heilpraktiker mühldorf;140;;0.61;0.13;LOW;;;navigational;Lokale Suche;2;-22;-50;85.4;0.76;heilpraktiker mühldorf;1
heilpraktiker mülheim;140;;0.57;0.26;LOW;0.37;1.46;navigational;Lokale Suche;2;-50;-59;79.8;0.74;heilpraktiker mülheim;1
heilpraktiker offenbach;140;;0.64;0.29;LOW;0.32;1.14;navigational;Lokale Suche;2;;-21;89.6;0.78;heilpraktiker offenbach;1
heilpraktiker peine;140;;1.61;0.22;LOW;0.59;2.94;informational;Lokale Suche;2;-36;-18;225.4;1.24;heilpraktiker peine;1
heilpraktiker psychotherapie lernkarten;140;;0.78;1;HIGH;0.35;1.74;informational;Ausbildung & Prüfung;3;-18;27;109.2;0.84;heilpraktiker psychotherapie lernkarten;1
lernkarten heilpraktiker psychotherapie;140;;0.78;1;HIGH;0.35;1.74;informational;Ausbildung & Prüfung;3;-18;27;109.2;0.84;heilpraktiker psychotherapie lernkarten;0
heilpraktiker roth;140;5;0.45;0.07;LOW;;;navigational;Lokale Suche;2;22;-21;63.0;1.29;heilpraktiker roth;1
roth heilpraktiker;140;1;0.45;0.07;LOW;;;informational;Lokale Suche;2;22;-21;63.0;1.69;heilpraktiker roth;0
heilpraktiker rottweil;140;1;6.75;0.24;LOW;4.75;11.52;informational;Lokale Suche;2;-35;-35;945.0;9.03;heilpraktiker rottweil;1
heilpraktiker russisch;140;;0.0;0;LOW;;;informational;Informational / Erklärung;2;27;;0.0;0.47;heilpraktiker russisch;1
heilpraktiker auf russisch;140;;0.0;0;LOW;;;informational;Informational / Erklärung;3;27;;0.0;0.47;heilpraktiker russisch;0
heilpraktiker rüsselsheim;140;;1.04;0.16;LOW;;;navigational;Lokale Suche;2;-18;-36;145.6;0.97;heilpraktiker rüsselsheim;1
heilpraktiker senden;140;;0.48;0.07;LOW;;;informational;Lokale Suche;2;-21;-48;67.2;0.7;heilpraktiker senden;1
senden heilpraktiker;140;;0.48;0.07;LOW;;;informational;Lokale Suche;2;-21;-48;67.2;0.7;heilpraktiker senden;0
heilpraktiker sindelfingen;140;4;1.54;0.19;LOW;0.37;1.04;navigational;Lokale Suche;2;-21;;215.6;2.4;heilpraktiker sindelfingen;1
heilpraktiker singen;140;;1.32;0.27;LOW;0.37;1.16;informational;Lokale Suche;2;-36;-36;184.8;1.1;heilpraktiker singen;1
singen heilpraktiker;140;7;1.32;0.27;LOW;0.37;1.16;informational;Lokale Suche;2;-36;-36;184.8;1.85;heilpraktiker singen;0
heilpraktiker umkreis 20 km;140;14;1.12;0.2;LOW;0.35;1.04;navigational;Marken- & Praxisnamen;4;-29;-76;156.8;1.24;heilpraktiker umkreis 20 km;1
heilpraktiker verden;140;;0.83;0.05;LOW;;;informational;Lokale Suche;2;22;-35;116.2;0.87;heilpraktiker verden;1
heilpraktiker weber köln;140;;0.0;0.01;LOW;;;navigational;Lokale Suche;3;22;;0.0;0.47;heilpraktiker weber köln;1
weber köln heilpraktiker;140;;0.0;0.01;LOW;;;navigational;Lokale Suche;3;22;;0.0;0.47;heilpraktiker weber köln;0
heilpraktiker wechseljahre;140;2;1.94;0.39;MEDIUM;0.56;1.95;informational;Beschwerden & Indikationen;2;;-35;271.6;3.18;heilpraktiker wechseljahre;1
heilpraktiker weimar;140;2;1.78;0.17;LOW;0.38;1.22;navigational;Lokale Suche;2;-36;-18;249.2;3.01;heilpraktiker weimar;1
weimar heilpraktiker;140;;1.78;0.17;LOW;0.38;1.22;navigational;Lokale Suche;2;-36;-18;249.2;1.32;heilpraktiker weimar;0
heilpraktiker wermelskirchen;140;;0.57;0.2;LOW;0.36;0.6;informational;Lokale Suche;2;22;-21;79.8;0.74;heilpraktiker wermelskirchen;1
heilpraktiker worms;140;;0.45;0.14;LOW;0.35;0.37;informational;Lokale Suche;2;;-18;63.0;0.69;heilpraktiker worms;1
heilpraktiker ärzte;140;8;0.0;0.05;LOW;;;informational;Ärzte, Kliniken & Schulmedizin;2;;-47;0.0;0.76;heilpraktiker ärzte;1
ärzte heilpraktiker;140;4;0.0;0.05;LOW;;;informational;Ärzte, Kliniken & Schulmedizin;2;;-47;0.0;0.95;heilpraktiker ärzte;0
heilpraktiker österreich;140;4;0.0;0.02;LOW;;;informational;Lokale Suche;2;-44;-55;0.0;0.95;heilpraktiker österreich;1
österreich heilpraktiker;140;1;0.0;0.02;LOW;;;informational;Lokale Suche;2;-44;-55;0.0;1.17;heilpraktiker österreich;0
heilpraktikerprüfung wo am einfachsten;140;;2.03;0.45;MEDIUM;0.8;2.3;informational;Ausbildung & Prüfung;;-67;-67;284.2;1.43;heilpraktikerprüfung wo am einfachsten;1
hypnosetherapeut & heilpraktiker klaus buchinger wohlgemuth;140;;2.43;0.03;LOW;;;informational;Methoden & Therapien;6;-21;175;340.2;1.62;hypnosetherapeut & heilpraktiker klaus buchinger wohlgemuth;1
john de milleville heilpraktiker;140;;0.0;0.01;LOW;;;informational;Marken- & Praxisnamen;4;;-18;0.0;0.47;john de milleville heilpraktiker;1
klaus graf heilpraktiker;140;;0.03;0.02;LOW;;;informational;Marken- & Praxisnamen;3;;21;4.2;0.49;klaus graf heilpraktiker;1
kleine heilpraktiker ausbildung;140;;3.72;0.81;HIGH;1.37;3.33;informational;Ausbildung & Prüfung;3;-18;;520.8;2.23;kleine heilpraktiker ausbildung;1
ausbildung kleiner heilpraktiker;140;;3.72;0.81;HIGH;1.37;3.33;informational;Ausbildung & Prüfung;3;-18;;520.8;2.23;kleine heilpraktiker ausbildung;0
kleiner heilpraktiker ausbildung;140;;3.72;0.81;HIGH;1.37;3.33;commercial;Ausbildung & Prüfung;3;-18;;520.8;2.23;kleine heilpraktiker ausbildung;0
ausbildung zum kleinen heilpraktiker;140;;3.72;0.81;HIGH;1.37;3.33;informational;Ausbildung & Prüfung;4;-18;;520.8;2.23;kleine heilpraktiker ausbildung;0
klinik plus naturheilkunde und ästhetische medizin;140;;0.0;0.06;LOW;;;informational;Ärzte, Kliniken & Schulmedizin;6;27;56;0.0;0.47;klinik plus naturheilkunde und ästhetische medizin;1
lebenswandel heilpraktiker praxisgemeinschaft;140;;0.11;0.06;LOW;;;commercial;Marken- & Praxisnamen;3;55;143;15.4;0.53;lebenswandel heilpraktiker praxisgemeinschaft;1
lipom behandlung naturheilkunde;140;;0.07;0.07;LOW;;;informational;Beschwerden & Indikationen;3;;2500;9.8;0.51;lipom behandlung naturheilkunde;1
lipom-behandlung naturheilkunde;140;;0.07;0.07;LOW;;;informational;Beschwerden & Indikationen;2;;2500;9.8;0.51;lipom behandlung naturheilkunde;0
markus grimm heilpraktiker;140;;0.0;0.01;LOW;;;informational;Marken- & Praxisnamen;3;;-21;0.0;0.47;markus grimm heilpraktiker;1
matthias rülke praxis für naturheilkunde diagnostik therapie coaching;140;7;0.14;0.08;LOW;;;commercial;Marken- & Praxisnamen;8;;55;19.6;0.91;matthias rülke praxis für naturheilkunde diagnostik therapie coaching;1
medicus praxis für allgemeinmedizin und naturheilkunde dr med bettina lange;140;;0.0;0.01;LOW;;;informational;Marken- & Praxisnamen;10;21;21;0.0;0.47;medicus praxis für allgemeinmedizin und naturheilkunde dr med bettina lange;1
naturheilkunde klinik münchen;140;1;4.35;0.08;LOW;0.63;2.53;navigational;Ärzte, Kliniken & Schulmedizin;3;55;21;609.0;6.23;naturheilkunde klinik münchen;1
naturheilpraxis & massage;140;;0.0;0.03;LOW;;;commercial;Methoden & Therapien;3;56;-18;0.0;0.47;naturheilpraxis & massage;1
naturheilpraxis alan baklayan;140;9;0.0;0.09;LOW;;;navigational;Marken- & Praxisnamen;3;-18;100;0.0;0.72;naturheilpraxis alan baklayan;1
naturheilpraxis ambrosias;140;;0.0;0.05;LOW;;;navigational;Marken- & Praxisnamen;2;-21;-21;0.0;0.47;naturheilpraxis ambrosias;1
naturheilpraxis andreas amann heilpraktiker;140;;0.38;0.05;LOW;;;informational;Marken- & Praxisnamen;4;89;-19;53.2;0.65;naturheilpraxis andreas amann heilpraktiker;1
naturheilpraxis björn huber heilpraktiker;140;;0.0;0.03;LOW;;;informational;Marken- & Praxisnamen;4;-19;21;0.0;0.47;naturheilpraxis björn huber heilpraktiker;1
naturheilpraxis daniel niehues;140;;0.0;0.05;LOW;;;navigational;Marken- & Praxisnamen;3;55;55;0.0;0.47;naturheilpraxis daniel niehues;1
naturheilpraxis hubert braun;140;;0.7;0.07;LOW;;;navigational;Marken- & Praxisnamen;3;-35;-48;98.0;0.8;naturheilpraxis hubert braun;1
naturheilpraxis laila;140;;0.0;0.03;LOW;;;navigational;Marken- & Praxisnamen;2;-18;;0.0;0.47;naturheilpraxis laila;1
naturheilpraxis nalinde darmstadt;140;;0.53;0.02;LOW;;;navigational;Beschwerden & Indikationen;3;-35;-35;74.2;0.72;naturheilpraxis nalinde darmstadt;1
naturheilpraxis peter vöhringer;140;;0.0;0.07;LOW;;;navigational;Marken- & Praxisnamen;3;;56;0.0;0.47;naturheilpraxis peter vöhringer;1
naturheilpraxis sabine jung;140;;0.6;0.08;LOW;;;informational;Marken- & Praxisnamen;3;50;50;84.0;0.76;naturheilpraxis sabine jung;1
naturheilpraxis thorsten kegel;140;;0.0;0.05;LOW;;;informational;Marken- & Praxisnamen;3;21;21;0.0;0.47;naturheilpraxis thorsten kegel;1
phoenix chiropraktik heilpraktiker chiropraktiker;140;;0.0;0.01;LOW;;;navigational;Methoden & Therapien;4;55;55;0.0;0.47;phoenix chiropraktik heilpraktiker chiropraktiker;1
podocare gbr podologie und sektoraler heilpraktiker in groß gerau;140;;0.11;0.03;LOW;;;informational;Sektoraler Heilpraktiker;9;21;55;15.4;0.53;podocare gbr podologie und sektoraler heilpraktiker in groß gerau;1
podocare gbr podologie und sektoraler heilpraktiker in groß-gerau;140;;0.11;0.03;LOW;;;commercial;Sektoraler Heilpraktiker;8;21;55;15.4;0.53;podocare gbr podologie und sektoraler heilpraktiker in groß gerau;0
praxis claas sülau heilpraktiker für osteopathie;140;;0.0;0.04;LOW;;;informational;Methoden & Therapien;6;;;0.0;0.47;praxis claas sülau heilpraktiker für osteopathie;1
praxis für naturheilkunde kinesiologie und psychotherapie;140;;0.0;0.03;LOW;;;informational;Heilpraktiker Psychotherapie;6;50;24;0.0;0.47;praxis für naturheilkunde kinesiologie und psychotherapie;1
praxis für osteopathie heilpraktiker norbert koch;140;;0.0;0.04;LOW;;;navigational;Methoden & Therapien;6;;27;0.0;0.47;praxis für osteopathie heilpraktiker norbert koch;1
praxis hancke heilpraktiker spezialpraxis für makuladegeneration;140;;1.25;0.07;LOW;;;commercial;Marken- & Praxisnamen;6;-18;56;175.0;1.07;praxis hancke heilpraktiker spezialpraxis für makuladegeneration;1
praxis junger physiotherapie osteopathie heilpraktiker;140;;0.0;0.04;LOW;;;informational;Methoden & Therapien;5;;27;0.0;0.47;praxis junger physiotherapie osteopathie heilpraktiker;1
praxis terhorst physiotherapie osteopathie und heilpraktiker;140;;0.0;0.03;LOW;;;commercial;Methoden & Therapien;6;-22;-36;0.0;0.47;praxis terhorst physiotherapie osteopathie und heilpraktiker;1
prüfung heilpraktiker;140;15;0.77;0.7;HIGH;0.34;1.95;informational;Ausbildung & Prüfung;2;-36;-36;107.8;0.99;prüfung heilpraktiker;1
reinhard clemens heilpraktiker;140;;0.66;0.06;LOW;;;informational;Marken- & Praxisnamen;3;;200;92.4;0.79;reinhard clemens heilpraktiker;1
schneckenaichner naturheilpraxis;140;;0.0;0.03;LOW;;;informational;Marken- & Praxisnamen;2;;27;0.0;0.47;schneckenaichner naturheilpraxis;1
sektorale heilpraktiker ausbildung;140;;1.84;0.58;MEDIUM;0.48;1.66;informational;Ausbildung & Prüfung;3;-36;-50;257.6;1.34;sektorale heilpraktiker ausbildung;1
ausbildung sektoraler heilpraktiker;140;;1.84;0.58;MEDIUM;0.48;1.66;informational;Ausbildung & Prüfung;3;-36;-50;257.6;1.34;sektorale heilpraktiker ausbildung;0
sektoraler heilpraktiker-ausbildung;140;;1.84;0.58;MEDIUM;0.48;1.66;informational;Ausbildung & Prüfung;2;-36;-50;257.6;1.34;sektorale heilpraktiker ausbildung;0
sektoraler heilpraktiker ausbildung;140;;1.84;0.58;MEDIUM;0.48;1.66;informational;Ausbildung & Prüfung;3;-36;-50;257.6;1.34;sektorale heilpraktiker ausbildung;0
sven zeissner heilpraktiker praxis für naturheilkunde und schmerztherapie;140;;0.0;0.07;LOW;;;informational;Beschwerden & Indikationen;8;;22;0.0;0.47;sven zeissner heilpraktiker praxis für naturheilkunde und schmerztherapie;1
tierarzt naturheilkunde in der nähe;140;12;0.94;0.2;LOW;0.56;1.65;navigational;Lokale Suche;5;-36;-36;131.6;1.22;tierarzt naturheilkunde in der nähe;1
tierklinik für naturheilkunde am förderturm mit tierärztlicher abteilung;140;;0.44;0.05;LOW;;;informational;Marken- & Praxisnamen;8;27;27;61.6;0.68;tierklinik für naturheilkunde am förderturm mit tierärztlicher abteilung;1
was dürfen heilpraktiker spritzen;140;;0.0;0;LOW;;;informational;Informational / Erklärung;;-22;-50;0.0;0.47;was dürfen heilpraktiker spritzen;1
wie lange dauert ausbildung zum heilpraktiker;140;15;1.63;0.64;MEDIUM;0.56;1.63;informational;Ausbildung & Prüfung;6;-21;-21;228.2;1.48;wie lange dauert ausbildung zum heilpraktiker;1
wie lange dauert eine ausbildung zum heilpraktiker;140;16;1.63;0.64;MEDIUM;0.56;1.63;informational;Ausbildung & Prüfung;7;-21;-21;228.2;1.42;wie lange dauert ausbildung zum heilpraktiker;0
wie lange dauert die ausbildung zum heilpraktiker;140;10;1.63;0.64;MEDIUM;0.56;1.63;informational;Ausbildung & Prüfung;7;-21;-21;228.2;1.81;wie lange dauert ausbildung zum heilpraktiker;0
zentrum für osteopathie naturheilkunde edukation;140;;0.0;0.04;LOW;;;informational;Methoden & Therapien;5;91;91;0.0;0.47;zentrum für osteopathie naturheilkunde edukation;1
zentrum für ästhetik und naturheilkunde ästhetik academy khan;140;;0.0;0.02;LOW;;;informational;Marken- & Praxisnamen;8;-48;22;0.0;0.47;zentrum für ästhetik und naturheilkunde ästhetik academy khan;1
alexandra beyer hp praxis für naturheilkunde;110;;0.0;0.04;LOW;;;navigational;Marken- & Praxisnamen;6;89;89;0.0;0.41;alexandra beyer hp praxis für naturheilkunde;1
ausbildung heilpraktiker düsseldorf;110;19;2.71;0.76;HIGH;0.9;3.98;informational;Ausbildung & Prüfung;3;-22;-59;298.1;1.59;ausbildung heilpraktiker düsseldorf;1
ausbildung heilpraktiker psychotherapie hamburg;110;10;3.33;0.88;HIGH;1.45;3.18;informational;Ausbildung & Prüfung;4;;-50;366.3;2.61;ausbildung heilpraktiker psychotherapie hamburg;1
body & mind balance heilpraktiker markus grimm;110;;0.0;0.03;LOW;;;informational;Marken- & Praxisnamen;7;-59;-36;0.0;0.41;body & mind balance heilpraktiker markus grimm;1
continentale heilpraktiker zusatzversicherung;110;;3.96;0.58;MEDIUM;1.04;3.93;commercial;Versicherung & Kostenerstattung;3;;-59;435.6;2.06;continentale heilpraktiker zusatzversicherung;1
differentialdiagnose heilpraktiker;110;;0.66;1;HIGH;0.19;0.76;informational;Marken- & Praxisnamen;2;-22;;72.6;0.69;differentialdiagnose heilpraktiker;1
essen naturheilkunde;110;17;0.38;0.01;LOW;;;informational;Lokale Suche;2;-36;-50;41.8;0.63;essen naturheilkunde;1
naturheilkunde essen;110;17;0.38;0.01;LOW;;;informational;Lokale Suche;2;-36;-50;41.8;0.63;essen naturheilkunde;0
gebührenverordnung heilpraktiker psychotherapie;110;;1.6;0.29;LOW;0.05;1.73;commercial;Praxisbetrieb & Kosten;3;-21;;176.0;1.08;gebührenverordnung heilpraktiker psychotherapie;1
georg grasser heilpraktiker;110;;0.0;0.04;LOW;;;informational;Marken- & Praxisnamen;3;;-18;0.0;0.41;georg grasser heilpraktiker;1
geschenke für heilpraktiker;110;;0.57;1;HIGH;0.11;0.36;commercial;Marken- & Praxisnamen;3;40;;62.7;0.65;geschenke für heilpraktiker;1
heilpraktiker ahlen;110;;0.39;0.07;LOW;;;navigational;Lokale Suche;2;-18;;42.9;0.58;heilpraktiker ahlen;1
heilpraktiker ausbildung fernstudium;110;23;13.53;0.76;HIGH;2.91;11.4;informational;Ausbildung & Prüfung;;-22;-50;1488.3;5.51;heilpraktiker ausbildung fernstudium;1
heilpraktiker bedeutung;110;24;0.99;0.01;LOW;;;informational;Informational / Erklärung;2;-18;;108.9;0.73;heilpraktiker bedeutung;1
heilpraktiker berufshaftpflicht;110;;7.03;0.74;HIGH;3.16;5.5;informational;Praxisbetrieb & Kosten;2;;-18;773.3;3.33;heilpraktiker berufshaftpflicht;1
heilpraktiker blutabnahme;110;;1.57;0.06;LOW;;;informational;Marken- & Praxisnamen;2;-35;22;172.7;1.07;heilpraktiker blutabnahme;1
heilpraktiker eckernförde;110;;0.41;0.12;LOW;;;navigational;Lokale Suche;2;56;;45.1;0.58;heilpraktiker eckernförde;1
heilpraktiker english;110;;0.0;0;LOW;;;informational;Marken- & Praxisnamen;;22;;0.0;0.41;heilpraktiker english;1
heilpraktiker erfahrungen;110;1;4.96;0.01;LOW;;;informational;Lokale Suche;2;-36;-50;545.6;6.08;heilpraktiker erfahrungen;1
heilpraktiker geschenk;110;;0.57;1;HIGH;0.11;0.36;commercial;Marken- & Praxisnamen;2;40;;62.7;0.65;heilpraktiker geschenk;1
heilpraktiker greifswald;110;;0.0;0.02;LOW;;;navigational;Lokale Suche;2;-36;-36;0.0;0.41;heilpraktiker greifswald;1
heilpraktiker görlitz;110;;0.72;0.11;LOW;;;navigational;Lokale Suche;2;-36;-22;79.2;0.71;heilpraktiker görlitz;1
heilpraktiker günzburg;110;;0.75;0.24;LOW;;;navigational;Lokale Suche;2;-50;-22;82.5;0.73;heilpraktiker günzburg;1
heilpraktiker kosten pro stunde;110;7;0.0;0.02;LOW;;;informational;Praxisbetrieb & Kosten;4;;-36;0.0;0.7;heilpraktiker kosten pro stunde;1
heilpraktiker nagold;110;;0.58;0.3;LOW;0.29;0.49;informational;Lokale Suche;2;;-22;63.8;0.66;heilpraktiker nagold;1
heilpraktiker neuwied;110;11;0.49;0.17;LOW;;;navigational;Lokale Suche;2;-36;-50;53.9;0.86;heilpraktiker neuwied;1
heilpraktiker nienburg;110;;0.26;0.02;LOW;;;navigational;Lokale Suche;2;-18;29;28.6;0.52;heilpraktiker nienburg;1
heilpraktiker prüfung 2025;110;;0.65;0.44;MEDIUM;0.32;0.48;informational;Ausbildung & Prüfung;;100;-90;71.5;0.68;heilpraktiker prüfung 2025;1
heilpraktiker psychotherapie prüfungsfragen pdf;110;;0.81;1;HIGH;0.32;1.47;informational;Ausbildung & Prüfung;;-22;;89.1;0.75;heilpraktiker psychotherapie prüfungsfragen pdf;1
heilpraktiker psychotherapie wird abgeschafft 2022;110;;0.0;0;LOW;;;informational;Heilpraktiker Psychotherapie;;;57;0.0;0.41;heilpraktiker psychotherapie wird abgeschafft 2022;1
heilpraktiker rechnung muster;110;;3.74;0.24;LOW;0.85;2.66;informational;Praxisbetrieb & Kosten;3;-22;-36;411.4;1.97;heilpraktiker rechnung muster;1
heilpraktiker siegburg;110;;0.4;0.16;LOW;0.41;0.99;navigational;Lokale Suche;2;-36;-36;44.0;0.58;heilpraktiker siegburg;1
heilpraktiker waldkirch;110;19;0.75;0.19;LOW;0.45;1.27;navigational;Lokale Suche;2;-18;;82.5;0.75;heilpraktiker waldkirch;1
heilpraktiker zusatzversicherung vergleich;110;18;4.36;0.72;HIGH;1.67;5.46;commercial;Versicherung & Kostenerstattung;3;;-36;479.6;2.37;heilpraktiker zusatzversicherung vergleich;1
heilpraktiker-zusatzversicherung axa;110;;1.95;0.59;MEDIUM;0.52;2.14;commercial;Versicherung & Kostenerstattung;2;-55;-44;214.5;1.22;heilpraktiker-zusatzversicherung axa;1
immanuel krankenhaus naturheilkunde stationär;110;;1.4;0.02;LOW;;;navigational;Ärzte, Kliniken & Schulmedizin;4;-22;-59;154.0;1.0;immanuel krankenhaus naturheilkunde stationär;1
induktionsherd naturheilkunde;110;;0.0;0;LOW;;;transactional;Marken- & Praxisnamen;2;;-44;0.0;0.41;induktionsherd naturheilkunde;1
matthias dickmann heilpraktiker;110;;2.2;0.02;LOW;;;informational;Marken- & Praxisnamen;3;-67;250;242.0;1.33;matthias dickmann heilpraktiker;1
naturheilkunde bei tieren erfahrungen;110;;2.66;0.33;LOW;;;informational;Tierheilkunde;4;;-36;292.6;1.52;naturheilkunde bei tieren erfahrungen;1
naturheilkunde für tiere erfahrungen;110;;2.66;0.33;LOW;;;informational;Tierheilkunde;4;;-36;292.6;1.52;naturheilkunde für tiere erfahrungen;1
naturheilpraxis donner;110;;0.0;0.04;LOW;;;navigational;Marken- & Praxisnamen;2;;-21;0.0;0.41;naturheilpraxis donner;1
naturheilpraxis esther busch;110;;0.0;0.02;LOW;;;navigational;Marken- & Praxisnamen;3;-36;-18;0.0;0.41;naturheilpraxis esther busch;1
naturheilpraxis für traditionelle chinesische medizin christian kronmüller;110;;0.0;0.03;LOW;;;navigational;Marken- & Praxisnamen;7;-18;29;0.0;0.41;naturheilpraxis für traditionelle chinesische medizin christian kronmüller;1
naturheilpraxis kursun ulm hacamat;110;;0.0;0.03;LOW;;;transactional;Methoden & Therapien;4;-18;-36;0.0;0.41;naturheilpraxis kursun ulm hacamat;1
naturheilpraxis oliver richter;110;;0.0;0.02;LOW;;;navigational;Marken- & Praxisnamen;3;-21;57;0.0;0.41;naturheilpraxis oliver richter;1
naturheilpraxis pieper;110;;0.0;0.04;LOW;;;navigational;Marken- & Praxisnamen;2;143;55;0.0;0.41;naturheilpraxis pieper;1
naturheilpraxis ralf drevermann;110;5;0.0;0.03;LOW;;;navigational;Marken- & Praxisnamen;3;22;-21;0.0;0.78;naturheilpraxis ralf drevermann;1
naturheilpraxis roland grüger;110;;0.0;0.07;LOW;;;informational;Marken- & Praxisnamen;3;;;0.0;0.41;naturheilpraxis roland grüger;1
naturheilpraxis stümpfl;110;;0.0;0.04;LOW;;;navigational;Marken- & Praxisnamen;2;-36;29;0.0;0.41;naturheilpraxis stümpfl;1
naturheilpraxis tanja dietz;110;;0.0;0.05;LOW;;;informational;Marken- & Praxisnamen;3;-19;89;0.0;0.41;naturheilpraxis tanja dietz;1
naturheilpraxis und osteopathie andrea schellhas;110;;0.0;0.07;LOW;;;navigational;Methoden & Therapien;5;-21;267;0.0;0.41;naturheilpraxis und osteopathie andrea schellhas;1
naturheilpraxis wolfgang grayer heilpraktiker;110;;1.48;0.05;LOW;;;navigational;Marken- & Praxisnamen;4;;;162.8;1.03;naturheilpraxis wolfgang grayer heilpraktiker;1
optima forma praxis für ästhetische medizin und naturheilkunde;110;8;0.12;0.05;LOW;;;informational;Marken- & Praxisnamen;8;-47;;13.2;0.74;optima forma praxis für ästhetische medizin und naturheilkunde;1
phytomed naturheilpraxis heilpraktiker;110;;0.27;0.02;LOW;;;commercial;Marken- & Praxisnamen;3;-21;;29.7;0.53;phytomed naturheilpraxis heilpraktiker;1
praxis biallomed arzt für naturheilkunde düsseldorf rezensionen;110;;0.0;0;LOW;;;informational;Ärzte, Kliniken & Schulmedizin;7;;-44;0.0;0.41;praxis biallomed arzt für naturheilkunde düsseldorf rezensionen;1
praxis für naturheilkunde michaela hein;110;;0.0;0.06;LOW;;;informational;Marken- & Praxisnamen;5;-35;57;0.0;0.41;praxis für naturheilkunde michaela hein;1
praxis für osteopathie & naturheilkunde christian mertz;110;;0.42;0.05;LOW;;;informational;Methoden & Therapien;7;-21;-21;46.2;0.59;praxis für osteopathie & naturheilkunde christian mertz;1
praxis für osteopathie & naturheilkunde münster;110;12;0.09;0.05;LOW;;;navigational;Methoden & Therapien;6;21;21;9.9;0.6;praxis für osteopathie & naturheilkunde münster;1
praxis für osteopathie und naturheilkunde justus kämpf;110;;0.0;0.01;LOW;;;commercial;Methoden & Therapien;7;133;600;0.0;0.41;praxis für osteopathie und naturheilkunde justus kämpf;1
preise für heilpraktiker;110;4;0.37;0.1;LOW;0.4;1.27;informational;Praxisbetrieb & Kosten;3;-36;-36;40.7;1.14;preise für heilpraktiker;1
schmerzklinik essen naturheilkunde;110;3;3.01;0.04;LOW;0.56;2.5;informational;Beschwerden & Indikationen;3;55;55;331.1;3.55;schmerzklinik essen naturheilkunde;1
uniklinik freiburg uni-zentrum naturheilkunde;110;;0.0;0.04;LOW;;;informational;Ärzte, Kliniken & Schulmedizin;4;-36;;0.0;0.41;uniklinik freiburg uni-zentrum naturheilkunde;1
vechta heilpraktiker;110;;0.81;0.09;LOW;;;informational;Lokale Suche;2;;;89.1;0.75;vechta heilpraktiker;1
zahnfleisch aufbauen naturheilkunde;110;;1.11;1;HIGH;0.58;1.79;informational;Beschwerden & Indikationen;3;-73;50;122.1;0.87;zahnfleisch aufbauen naturheilkunde;1
zertifikat heilpraktiker;110;15;1.64;0.37;MEDIUM;0.93;2.63;informational;Ausbildung & Prüfung;2;-22;-22;180.4;1.3;zertifikat heilpraktiker;1
atlantomed atlaskorrektur naturheilpraxis giovanni scavelli;90;24;0.0;0.05;LOW;;;transactional;Marken- & Praxisnamen;5;;-18;0.0;0.33;atlantomed atlaskorrektur naturheilpraxis giovanni scavelli;1
bluthochdruck naturheilkunde;90;1;1.02;1;HIGH;0.24;0.67;informational;Marken- & Praxisnamen;2;-22;-22;91.8;1.85;bluthochdruck naturheilkunde;1
naturheilkunde bluthochdruck;90;15;1.02;1;HIGH;0.24;0.67;informational;Marken- & Praxisnamen;2;-22;-22;91.8;0.89;bluthochdruck naturheilkunde;0
naturheilkunde bei bluthochdruck;90;2;1.02;1;HIGH;0.24;0.67;informational;Marken- & Praxisnamen;3;-22;-22;91.8;1.71;bluthochdruck naturheilkunde;0
bronchiektasen naturheilkunde;90;;1.08;0.98;HIGH;0.78;1.77;informational;Marken- & Praxisnamen;2;;-22;97.2;0.77;bronchiektasen naturheilkunde;1
charite naturheilkunde;90;10;0.0;0;LOW;;;informational;Ärzte, Kliniken & Schulmedizin;2;;-22;0.0;0.54;charite naturheilkunde;1
naturheilkunde charite;90;4;0.0;0;LOW;;;informational;Ärzte, Kliniken & Schulmedizin;2;;-22;0.0;0.74;charite naturheilkunde;0
etcetera hebammen und naturheilpraxis osnabrück;90;;0.0;0;LOW;;;informational;Lokale Suche;5;;-94;0.0;0.37;etcetera hebammen und naturheilpraxis osnabrück;1
eumunys praxis für komplementäre medizin und naturheilkunde;90;11;0.0;0.03;LOW;;;navigational;Marken- & Praxisnamen;7;100;56;0.0;0.52;eumunys praxis für komplementäre medizin und naturheilkunde;1
fachschule für naturheilkunde;90;50;5.4;0.06;LOW;0.79;3.9;informational;Ausbildung & Prüfung;3;;-18;486.0;1.23;fachschule für naturheilkunde;1
gastritis naturheilkunde;90;;0.83;1;HIGH;0.36;0.84;informational;Marken- & Praxisnamen;2;-36;-22;74.7;0.68;gastritis naturheilkunde;1
naturheilkunde gastritis;90;;0.83;1;HIGH;0.36;0.84;informational;Marken- & Praxisnamen;2;-36;-22;74.7;0.68;gastritis naturheilkunde;0
gesundheitszentrum vis vitalis naturheilpraxis weichmann;90;;0.0;0.04;LOW;;;informational;Marken- & Praxisnamen;5;22;57;0.0;0.37;gesundheitszentrum vis vitalis naturheilpraxis weichmann;1
heilpraktiker ausbildung paracelsus;90;21;1.72;0.7;HIGH;0.79;2.98;informational;Ausbildung & Prüfung;;-29;-44;154.8;0.98;heilpraktiker ausbildung paracelsus;1
heilpraktiker ohne ausbildung;90;15;2.18;0.41;MEDIUM;0.96;2.56;informational;Ausbildung & Prüfung;;-29;-44;196.2;1.4;heilpraktiker ohne ausbildung;1
heilpraktiker prüfung kosten;90;1;1.86;0.31;LOW;0.85;1.83;informational;Ausbildung & Prüfung;;-43;-20;167.4;2.61;heilpraktiker prüfung kosten;1
heilpraktiker psychotherapie zukunftsaussichten;90;;2.12;0.24;LOW;0.97;4.08;informational;Heilpraktiker Psychotherapie;;-50;-22;190.8;1.16;heilpraktiker psychotherapie zukunftsaussichten;1
jobs naturheilkunde;90;;0.63;0.12;LOW;0.12;1.34;informational;Jobs & Gehalt;2;-29;-55;56.7;0.61;jobs naturheilkunde;1
klinik blankenstein hattingen naturheilkunde;90;20;10.26;0.02;LOW;0.29;6.87;navigational;Ärzte, Kliniken & Schulmedizin;4;27;1300;923.4;4.18;klinik blankenstein hattingen naturheilkunde;1
klinik essen mitte naturheilkunde;90;;0.0;0.01;LOW;;;informational;Ärzte, Kliniken & Schulmedizin;4;;-67;0.0;0.37;klinik essen mitte naturheilkunde;1
klinik essen-mitte naturheilkunde;90;10;0.0;0.01;LOW;;;navigational;Ärzte, Kliniken & Schulmedizin;3;;-67;0.0;0.54;klinik essen mitte naturheilkunde;0
klinik für naturheilkunde münchen;90;;0.81;0.04;LOW;0.6;4.67;navigational;Ärzte, Kliniken & Schulmedizin;4;22;120;72.9;0.67;klinik für naturheilkunde münchen;1
lipödem behandlung naturheilkunde;90;;0.88;0.99;HIGH;0.33;1.1;informational;Marken- & Praxisnamen;3;27;-56;79.2;0.7;lipödem behandlung naturheilkunde;1
lipödem-behandlung naturheilkunde;90;;0.88;0.99;HIGH;0.33;1.1;informational;Marken- & Praxisnamen;2;27;-56;79.2;0.7;lipödem behandlung naturheilkunde;0
milz stärken naturheilkunde;90;;0.66;0.97;HIGH;;;informational;Marken- & Praxisnamen;3;;40;59.4;0.62;milz stärken naturheilkunde;1
naturheilkunde apotheke;90;8;0.93;0.33;LOW;0.58;1.73;informational;Ärzte, Kliniken & Schulmedizin;2;29;-18;83.7;1.15;naturheilkunde apotheke;1
naturheilkunde bei borrelien;90;;1.56;0.99;HIGH;0.26;1.11;informational;Marken- & Praxisnamen;3;40;-50;140.4;0.95;naturheilkunde bei borrelien;1
naturheilkunde bei tieren shop;90;;1.42;1;HIGH;0.6;1.46;transactional;Tierheilkunde;4;-21;120;127.8;0.9;naturheilkunde bei tieren shop;1
naturheilkunde blankenstein;90;11;0.0;0;LOW;;;informational;Lokale Suche;2;-76;;0.0;0.52;naturheilkunde blankenstein;1
naturheilkunde englisch;90;;0.0;0;LOW;;;informational;Informational / Erklärung;;;-22;0.0;0.37;naturheilkunde englisch;1
naturheilkunde für pferde;90;;0.22;0.56;MEDIUM;0.58;6.22;informational;Marken- & Praxisnamen;3;;-29;19.8;0.45;naturheilkunde für pferde;1
naturheilkunde für tiere shop;90;;1.42;1;HIGH;0.6;1.46;transactional;Tierheilkunde;4;-21;120;127.8;0.9;naturheilkunde für tiere shop;1
naturheilkunde immanuel;90;14;0.0;0.05;LOW;;;informational;Marken- & Praxisnamen;2;-43;-76;0.0;0.46;naturheilkunde immanuel;1
naturheilkunde job;90;;0.63;0.12;LOW;0.12;1.34;informational;Jobs & Gehalt;2;-29;-55;56.7;0.61;naturheilkunde job;1
naturheilkunde lernen;90;7;2.6;0.85;HIGH;0.98;2.8;informational;Ausbildung & Prüfung;2;;;234.0;2.25;naturheilkunde lernen;1
naturheilkunde pferd;90;;0.22;0.56;MEDIUM;0.58;6.22;informational;Tierheilkunde;2;;-29;19.8;0.45;naturheilkunde pferd;1
naturheilkunde bei pferden;90;;0.22;0.56;MEDIUM;0.58;6.22;informational;Marken- & Praxisnamen;3;;-29;19.8;0.45;naturheilkunde pferd;0
pferde naturheilkunde;90;;0.22;0.56;MEDIUM;0.58;6.22;informational;Marken- & Praxisnamen;2;;-29;19.8;0.45;naturheilkunde pferd;0
naturheilkunde uniklinik freiburg;90;;0.0;0;LOW;;;navigational;Ärzte, Kliniken & Schulmedizin;3;-56;-20;0.0;0.37;naturheilkunde uniklinik freiburg;1
naturheilkunde wechseljahre;90;;1.81;1;HIGH;0.52;1.24;informational;Beschwerden & Indikationen;2;-22;-36;162.9;1.04;naturheilkunde wechseljahre;1
wechseljahre naturheilkunde;90;4;1.81;1;HIGH;0.52;1.24;informational;Beschwerden & Indikationen;2;-22;-36;162.9;2.09;naturheilkunde wechseljahre;0
naturheilpraxis chinesische und japanische akupunktur christian elze;90;;0.0;0.04;LOW;;;informational;Methoden & Therapien;7;-22;40;0.0;0.37;naturheilpraxis chinesische und japanische akupunktur christian elze;1
naturheilpraxis erik rech heilpraktiker physiotherapie osteopathie saarland;90;;0.0;0.04;LOW;;;informational;Methoden & Therapien;7;22;22;0.0;0.37;naturheilpraxis erik rech heilpraktiker physiotherapie osteopathie saarland;1
naturheilpraxis erpenbach;90;;1.79;0.06;LOW;;;navigational;Marken- & Praxisnamen;2;;80;161.1;1.04;naturheilpraxis erpenbach;1
naturheilpraxis eva landefeld;90;;6.52;0.05;LOW;;;informational;Marken- & Praxisnamen;3;-22;;586.8;2.79;naturheilpraxis eva landefeld;1
naturheilpraxis finn scheunemann;90;4;0.0;0.09;LOW;;;navigational;Marken- & Praxisnamen;3;;-22;0.0;0.74;naturheilpraxis finn scheunemann;1
naturheilpraxis franz josef caspari heilpraktiker;90;;0.0;0.05;LOW;;;informational;Marken- & Praxisnamen;5;120;;0.0;0.37;naturheilpraxis franz josef caspari heilpraktiker;1
naturheilpraxis franz-josef caspari heilpraktiker;90;;0.0;0.05;LOW;;;navigational;Marken- & Praxisnamen;4;120;;0.0;0.37;naturheilpraxis franz josef caspari heilpraktiker;0
naturheilpraxis frau dr med kerstin weiß;90;;0.0;0.06;LOW;;;navigational;Marken- & Praxisnamen;6;-18;-18;0.0;0.37;naturheilpraxis frau dr med kerstin weiß;1
naturheilpraxis götz;90;;0.0;0.04;LOW;;;navigational;Marken- & Praxisnamen;2;57;175;0.0;0.37;naturheilpraxis götz;1
naturheilpraxis kutzbach;90;;0.0;0.03;LOW;;;navigational;Marken- & Praxisnamen;2;22;;0.0;0.37;naturheilpraxis kutzbach;1
naturheilpraxis lepsi fugmann heilpraktiker mainz bingen;90;16;0.0;0.03;LOW;;;informational;Lokale Suche;6;29;29;0.0;0.42;naturheilpraxis lepsi fugmann heilpraktiker mainz bingen;1
naturheilpraxis lotus;90;;0.0;0.03;LOW;;;navigational;Marken- & Praxisnamen;2;;40;0.0;0.37;naturheilpraxis lotus;1
naturheilpraxis ludwig;90;7;0.0;0.03;LOW;;;informational;Marken- & Praxisnamen;2;-36;40;0.0;0.63;naturheilpraxis ludwig;1
naturheilpraxis maria rammel heilpraktikerin;90;;0.0;0.03;LOW;;;informational;Marken- & Praxisnamen;4;-18;80;0.0;0.37;naturheilpraxis maria rammel heilpraktikerin;1
naturheilpraxis meschede köln;90;;0.75;0.07;LOW;;;navigational;Lokale Suche;3;-21;57;67.5;0.65;naturheilpraxis meschede köln;1
naturheilpraxis peter stollberg rezensionen;90;;0.0;0.06;LOW;0.23;0.29;informational;Marken- & Praxisnamen;4;57;175;0.0;0.37;naturheilpraxis peter stollberg rezensionen;1
naturheilpraxis rosita schaaf;90;;0.0;0.03;LOW;;;navigational;Marken- & Praxisnamen;3;29;29;0.0;0.37;naturheilpraxis rosita schaaf;1
naturheilpraxis schöneck;90;;0.0;0.01;LOW;;;navigational;Lokale Suche;2;;-22;0.0;0.37;naturheilpraxis schöneck;1
naturheilpraxis weiden;90;;0.0;0.02;LOW;;;navigational;Lokale Suche;2;;-44;0.0;0.37;naturheilpraxis weiden;1
naturheilpraxis weiland;90;2;0.0;0.02;LOW;;;navigational;Marken- & Praxisnamen;2;-18;-18;0.0;0.85;naturheilpraxis weiland;1
naturheilpraxis weyh;90;;0.0;0.01;LOW;;;navigational;Marken- & Praxisnamen;2;-44;;0.0;0.37;naturheilpraxis weyh;1
naturheilpraxis wittlich;90;3;0.0;0;LOW;;;informational;Lokale Suche;2;-22;-36;0.0;0.79;naturheilpraxis wittlich;1
osteopathie fortmann praxis für naturheilkunde;90;;5.52;0.05;LOW;;;navigational;Methoden & Therapien;5;-18;;496.8;2.42;osteopathie fortmann praxis für naturheilkunde;1
osteopathische naturheilpraxis marius arlt heilpraktiker osteopathie;90;;0.02;0.04;LOW;;;navigational;Methoden & Therapien;6;29;-18;1.8;0.38;osteopathische naturheilpraxis marius arlt heilpraktiker osteopathie;1
physiotherapie & naturheilpraxis pantharia fotos;90;;0.0;0;LOW;;;informational;Sektoraler Heilpraktiker;5;-57;-40;0.0;0.37;physiotherapie & naturheilpraxis pantharia fotos;1
praxis für ganzheitliche naturheilkunde und chiropraktik alexandra nau;90;;0.0;0.04;LOW;;;informational;Methoden & Therapien;8;;;0.0;0.37;praxis für ganzheitliche naturheilkunde und chiropraktik alexandra nau;1
praxis für naturheilkunde und osteopathie jesko schwarz;90;;0.0;0.02;LOW;;;informational;Methoden & Therapien;7;40;;0.0;0.37;praxis für naturheilkunde und osteopathie jesko schwarz;1
praxis für naturheilkunde und umweltmedizin;90;8;0.0;0.06;LOW;;;navigational;Marken- & Praxisnamen;5;29;-18;0.0;0.59;praxis für naturheilkunde und umweltmedizin;1
praxis für osteopathie kinderosteopathie und naturheilkunde;90;;1.3;0.09;LOW;0.33;0.99;commercial;Methoden & Therapien;6;-22;;117.0;0.85;praxis für osteopathie kinderosteopathie und naturheilkunde;1
zaum naturheilpraxis;90;;0.0;0;LOW;;;navigational;Marken- & Praxisnamen;2;;;0.0;0.37;zaum naturheilpraxis;1
akupunktur naturheilpraxis wan qiu wiesbaden;70;;2.22;0.06;LOW;;;navigational;Methoden & Therapien;5;80;200;155.4;1.04;akupunktur naturheilpraxis wan qiu wiesbaden;1
arzt und heilpraktiker gleichzeitig;70;;0.0;0.05;LOW;;;informational;Ärzte, Kliniken & Schulmedizin;;-40;-73;0.0;0.32;arzt und heilpraktiker gleichzeitig;1
erfolg durch ernährung naturheilpraxis gabriela hoppe;70;20;2.64;0.07;LOW;;;informational;Marken- & Praxisnamen;6;40;-36;184.8;1.18;erfolg durch ernährung naturheilpraxis gabriela hoppe;1
heilpraktiker abschaffen;70;;0.0;0;LOW;;;informational;Marken- & Praxisnamen;;;;0.0;0.32;heilpraktiker abschaffen;1
heilpraktiker ausbildung kostenübernahme;70;;2.14;0.6;MEDIUM;0.9;2.93;commercial;Ausbildung & Prüfung;;-43;-43;149.8;1.02;heilpraktiker ausbildung kostenübernahme;1
heilpraktiker ernährung in der nähe;70;9;1.1;0.35;MEDIUM;0.5;2.12;navigational;Lokale Suche;;-43;-71;77.0;1.03;heilpraktiker ernährung in der nähe;1
heilpraktiker prüfung bayern;70;4;2.08;0.46;MEDIUM;0.34;1.74;informational;Ausbildung & Prüfung;;;67;145.6;1.99;heilpraktiker prüfung bayern;1
heilpraktiker prüfungsfragen kostenlos;70;;1.39;0.27;LOW;0.29;1.04;informational;Ausbildung & Prüfung;;-29;67;97.3;0.77;heilpraktiker prüfungsfragen kostenlos;1
heilpraktiker psychotherapie prüfungsfragen mit lösungen;70;;0.37;0.96;HIGH;0.29;0.81;informational;Ausbildung & Prüfung;;133;;25.9;0.44;heilpraktiker psychotherapie prüfungsfragen mit lösungen;1
heilpraktiker seriös;70;3;0.0;0.06;LOW;1.88;9.54;informational;Marken- & Praxisnamen;;-44;-55;0.0;0.69;heilpraktiker seriös;1
heilpraktiker-prüfung bayern 2026;70;;0.76;0.34;MEDIUM;0.32;1.35;informational;Ausbildung & Prüfung;;;;53.2;0.57;heilpraktiker-prüfung bayern 2026;1
kräuteria naturheilpraxis naturseminare;70;;0.0;0.08;LOW;;;commercial;Ausbildung & Prüfung;3;80;;0.0;0.32;kräuteria naturheilpraxis naturseminare;1
naturheilpraxis adamietz heilpraktikerin;70;;0.0;0.05;LOW;;;navigational;Marken- & Praxisnamen;3;40;75;0.0;0.32;naturheilpraxis adamietz heilpraktikerin;1
naturheilpraxis avdiji;70;12;0.0;0.03;LOW;;;informational;Marken- & Praxisnamen;2;29;80;0.0;0.43;naturheilpraxis avdiji;1
naturheilpraxis bien heilpraktikerin und biologin;70;;0.0;0.03;LOW;;;informational;Marken- & Praxisnamen;5;-29;;0.0;0.32;naturheilpraxis bien heilpraktikerin und biologin;1
naturheilpraxis bietz neurobionomy und osteopathie;70;;0.0;0.07;LOW;;;commercial;Methoden & Therapien;5;-43;-20;0.0;0.32;naturheilpraxis bietz neurobionomy und osteopathie;1
naturheilpraxis biomed;70;1;0.0;0.04;LOW;;;informational;Marken- & Praxisnamen;2;-20;-43;0.0;0.8;naturheilpraxis biomed;1
naturheilpraxis blumenthal;70;;0.0;0.02;LOW;;;navigational;Marken- & Praxisnamen;2;-22;-22;0.0;0.32;naturheilpraxis blumenthal;1
naturheilpraxis bodirsky;70;;0.0;0.12;LOW;;;navigational;Marken- & Praxisnamen;2;-56;33;0.0;0.32;naturheilpraxis bodirsky;1
naturheilpraxis bonorden;70;;0.0;0.03;LOW;;;informational;Marken- & Praxisnamen;2;-22;;0.0;0.32;naturheilpraxis bonorden;1
naturheilpraxis borken alexander buckup osteopath heilpraktiker;70;;0.0;0.03;LOW;;;navigational;Methoden & Therapien;6;75;40;0.0;0.32;naturheilpraxis borken alexander buckup osteopath heilpraktiker;1
naturheilpraxis christiane waldmann;70;;0.0;0.02;LOW;;;navigational;Marken- & Praxisnamen;3;-20;;0.0;0.32;naturheilpraxis christiane waldmann;1
naturheilpraxis claudia richter;70;;0.0;0.04;LOW;;;navigational;Marken- & Praxisnamen;3;-22;;0.0;0.32;naturheilpraxis claudia richter;1
naturheilpraxis deinert;70;;1.88;0.07;LOW;;;navigational;Marken- & Praxisnamen;2;-29;-29;131.6;0.93;naturheilpraxis deinert;1
naturheilpraxis dodenhöft neukam;70;;0.0;0.03;LOW;;;navigational;Marken- & Praxisnamen;3;80;125;0.0;0.32;naturheilpraxis dodenhöft neukam;1
naturheilpraxis franziska frankson;70;;0.0;0.07;LOW;;;navigational;Marken- & Praxisnamen;3;;;0.0;0.32;naturheilpraxis franziska frankson;1
naturheilpraxis hakami;70;;0.8;0.07;LOW;;;navigational;Marken- & Praxisnamen;2;-36;40;56.0;0.58;naturheilpraxis hakami;1
naturheilpraxis hempel und stock;70;;0.0;0.03;LOW;;;informational;Marken- & Praxisnamen;4;120;120;0.0;0.32;naturheilpraxis hempel und stock;1
naturheilpraxis klosterhof mit schwerpunkt osteopathie;70;;0.05;0.01;LOW;;;informational;Methoden & Therapien;5;80;;3.5;0.34;naturheilpraxis klosterhof mit schwerpunkt osteopathie;1
naturheilpraxis köchling;70;;0.11;0.08;LOW;;;navigational;Marken- & Praxisnamen;2;180;180;7.7;0.36;naturheilpraxis köchling;1
naturheilpraxis lebenszeit heilpraktikerin lisa-maria harrer;70;;0.0;0.02;LOW;;;navigational;Marken- & Praxisnamen;5;-57;-25;0.0;0.32;naturheilpraxis lebenszeit heilpraktikerin lisa-maria harrer;1
naturheilpraxis lens;70;6;0.0;0.04;LOW;;;navigational;Marken- & Praxisnamen;2;;75;0.0;0.57;naturheilpraxis lens;1
naturheilpraxis linda knab;70;;0.0;0.02;LOW;;;navigational;Marken- & Praxisnamen;3;57;120;0.0;0.32;naturheilpraxis linda knab;1
naturheilpraxis manuela bäumler;70;;0.0;0.08;LOW;;;navigational;Marken- & Praxisnamen;3;;;0.0;0.32;naturheilpraxis manuela bäumler;1
naturheilpraxis marion gallin;70;;0.0;0.1;LOW;;;navigational;Marken- & Praxisnamen;3;-29;25;0.0;0.32;naturheilpraxis marion gallin;1
naturheilpraxis michael manig;70;;0.0;0.12;LOW;;;informational;Marken- & Praxisnamen;3;-18;100;0.0;0.32;naturheilpraxis michael manig;1
naturheilpraxis neenstetten;70;;0.0;0.03;LOW;;;navigational;Lokale Suche;2;;125;0.0;0.32;naturheilpraxis neenstetten;1
naturheilpraxis nina jung;70;;0.0;0.06;LOW;;;informational;Marken- & Praxisnamen;3;25;67;0.0;0.32;naturheilpraxis nina jung;1
naturheilpraxis pelzl und pelzl;70;;0.0;0.04;LOW;;;navigational;Marken- & Praxisnamen;4;125;80;0.0;0.32;naturheilpraxis pelzl und pelzl;1
naturheilpraxis punktgenau;70;;0.0;0;LOW;;;informational;Marken- & Praxisnamen;2;;40;0.0;0.32;naturheilpraxis punktgenau;1
naturheilpraxis reinhardt;70;6;0.0;0.09;LOW;;;navigational;Marken- & Praxisnamen;2;-29;25;0.0;0.57;naturheilpraxis reinhardt;1
naturheilpraxis reubekeul;70;;1.39;0.05;LOW;;;navigational;Marken- & Praxisnamen;2;;125;97.3;0.77;naturheilpraxis reubekeul;1
naturheilpraxis rita gallo;70;;0.0;0.05;LOW;;;informational;Marken- & Praxisnamen;3;;29;0.0;0.32;naturheilpraxis rita gallo;1
naturheilpraxis rozmawitti & blum;70;;0.0;0.03;LOW;;;navigational;Marken- & Praxisnamen;4;;;0.0;0.32;naturheilpraxis rozmawitti & blum;1
naturheilpraxis sabrina wagner;70;;0.0;0.03;LOW;;;informational;Marken- & Praxisnamen;3;-29;-44;0.0;0.32;naturheilpraxis sabrina wagner;1
naturheilpraxis simeoli;70;;0.0;0.1;LOW;;;informational;Marken- & Praxisnamen;2;-43;;0.0;0.32;naturheilpraxis simeoli;1
naturheilpraxis sommer-frey;70;;3.9;0.11;LOW;0.71;3.71;navigational;Marken- & Praxisnamen;2;;29;273.0;1.58;naturheilpraxis sommer-frey;1
naturheilpraxis sven schlie heilpraktiker;70;;0.0;0.03;LOW;;;navigational;Marken- & Praxisnamen;4;;133;0.0;0.32;naturheilpraxis sven schlie heilpraktiker;1
naturheilpraxis tina flohr b sc psychologie heilpraktikerin;70;;0.0;0.03;LOW;;;informational;Marken- & Praxisnamen;7;-40;;0.0;0.32;naturheilpraxis tina flohr b sc psychologie heilpraktikerin;1
naturheilpraxis tschannerl;70;;0.0;0.04;LOW;;;navigational;Marken- & Praxisnamen;2;-22;75;0.0;0.32;naturheilpraxis tschannerl;1
naturheilpraxis weiß;70;9;1.52;0.04;LOW;0.57;13.16;informational;Marken- & Praxisnamen;2;-22;133;106.4;1.24;naturheilpraxis weiß;1
naturheilpraxis wiertz;70;;0.0;0.01;LOW;;;navigational;Marken- & Praxisnamen;2;-29;25;0.0;0.32;naturheilpraxis wiertz;1
naturheilpraxis wipfler;70;4;0.0;0.05;LOW;;;navigational;Marken- & Praxisnamen;2;;133;0.0;0.65;naturheilpraxis wipfler;1
naturheilpraxis zaloudek;70;;0.0;0.07;LOW;;;navigational;Marken- & Praxisnamen;2;75;75;0.0;0.32;naturheilpraxis zaloudek;1
neurasan naturheilpraxis markus gross fotos;70;;0.74;0.15;LOW;0.41;0.61;informational;Marken- & Praxisnamen;5;-29;;51.8;0.56;neurasan naturheilpraxis markus gross fotos;1
osteopathische naturheilpraxis;70;;0.66;0.05;LOW;;;informational;Methoden & Therapien;2;120;175;46.2;0.54;osteopathische naturheilpraxis;1
physio und naturheilpraxis sven dierßen;70;;0.0;0.02;LOW;;;navigational;Marken- & Praxisnamen;5;29;350;0.0;0.32;physio und naturheilpraxis sven dierßen;1
physiotherapie und naturheilpraxis breitkreutz;70;;0.0;0.01;LOW;;;navigational;Sektoraler Heilpraktiker;4;-29;-29;0.0;0.32;physiotherapie und naturheilpraxis breitkreutz;1
welche partei will heilpraktiker abschaffen;70;;0.0;0;LOW;;;informational;Marken- & Praxisnamen;;-40;-73;0.0;0.32;welche partei will heilpraktiker abschaffen;1
ganzheitliche naturheilpraxis christina kaiser;50;;0.0;0;LOW;;;informational;Marken- & Praxisnamen;4;-75;-67;0.0;0.27;ganzheitliche naturheilpraxis christina kaiser;1
hacamat sindelfingen naturheilpraxis sinan erkin;50;;0.0;;;;;transactional;Methoden & Therapien;5;-100;-100;0.0;0.27;hacamat sindelfingen naturheilpraxis sinan erkin;1
hebammen und naturheilpraxis;50;;0.0;0.03;LOW;;;informational;Marken- & Praxisnamen;3;25;;0.0;0.27;hebammen und naturheilpraxis;1
heilpraktiker ausbildung 1 jahr;50;;2.34;0.73;HIGH;0.71;2.32;informational;Ausbildung & Prüfung;;50;-25;117.0;0.9;heilpraktiker ausbildung 1 jahr;1
heilpraktiker ausbildung online kostenlos;50;9;3.33;0.79;HIGH;1.1;3.29;informational;Ausbildung & Prüfung;;-25;-57;166.5;1.77;heilpraktiker ausbildung online kostenlos;1
heilpraktiker fernstudium testsieger;50;1;14.62;0.8;HIGH;4.37;13.56;informational;Ausbildung & Prüfung;;;-56;731.0;10.33;heilpraktiker fernstudium testsieger;1
heilpraktiker in der nähe darm;50;17;1.31;0.31;LOW;0.48;1.54;navigational;Beschwerden & Indikationen;;;;65.5;0.68;heilpraktiker in der nähe darm;1
heilpraktiker in der nähe haut;50;;1.34;0.28;LOW;0.63;2.83;navigational;Beschwerden & Indikationen;;-40;-40;67.0;0.63;heilpraktiker in der nähe haut;1
heilpraktiker pro und contra;50;;0.0;0.01;LOW;;;informational;Marken- & Praxisnamen;;-40;-25;0.0;0.27;heilpraktiker pro und contra;1
heilpraktiker prüfung anmeldung nrw;50;;1.28;0.14;LOW;0.79;2.21;transactional;Ausbildung & Prüfung;;-20;-43;64.0;0.61;heilpraktiker prüfung anmeldung nrw;1
heilpraktiker prüfung fragen;50;19;0.47;0.73;HIGH;0.11;0.38;informational;Ausbildung & Prüfung;;-40;-25;23.5;0.41;heilpraktiker prüfung fragen;1
heilpraktiker prüfung nrw;50;;1.28;0.68;HIGH;0.34;1.83;informational;Ausbildung & Prüfung;;-40;50;64.0;0.61;heilpraktiker prüfung nrw;1
heilpraktiker psychotherapie ausbildung voraussetzungen;50;7;3.34;0.8;HIGH;1.03;2.63;informational;Ausbildung & Prüfung;;-20;-56;167.0;1.96;heilpraktiker psychotherapie ausbildung voraussetzungen;1
heilpraktiker-ausbildung kosten paracelsus;50;2;1.93;0.58;MEDIUM;0.43;2.23;commercial;Ausbildung & Prüfung;;;-71;96.5;1.8;heilpraktiker-ausbildung kosten paracelsus;1
heilpraktiker-prüfung anmeldung;50;21;5.48;0.22;LOW;1.5;3;transactional;Ausbildung & Prüfung;;25;;274.0;1.69;heilpraktiker-prüfung anmeldung;1
likamundi heilpraktiker prüfungsfragen kostenlos;50;;2.6;0.11;LOW;1.18;2.18;informational;Ausbildung & Prüfung;;-40;;130.0;0.97;likamundi heilpraktiker prüfungsfragen kostenlos;1
münch naturheilkunde naturheilpraxis neufahrn b freising michael münch;50;;0.0;0.01;LOW;;;informational;Marken- & Praxisnamen;8;-20;33;0.0;0.27;münch naturheilkunde naturheilpraxis neufahrn b freising michael münch;1
naturheilpraxis am see;50;;0.0;0.03;LOW;;;informational;Marken- & Praxisnamen;3;-44;25;0.0;0.27;naturheilpraxis am see;1
naturheilpraxis anna sofia weis heilpraktiker in augsburg und gersthofen;50;;0.0;;;;;informational;Lokale Suche;9;-100;-100;0.0;0.27;naturheilpraxis anna sofia weis heilpraktiker in augsburg und gersthofen;1
naturheilpraxis blickwinkel;50;;0.0;0.03;LOW;;;informational;Marken- & Praxisnamen;2;25;67;0.0;0.27;naturheilpraxis blickwinkel;1
naturheilpraxis conte;50;;0.0;0.02;LOW;;;informational;Marken- & Praxisnamen;2;-57;-57;0.0;0.27;naturheilpraxis conte;1
naturheilpraxis erber;50;;0.0;0.05;LOW;;;informational;Marken- & Praxisnamen;2;-57;;0.0;0.27;naturheilpraxis erber;1
naturheilpraxis heinemann;50;;0.0;0.04;LOW;;;navigational;Marken- & Praxisnamen;2;25;;0.0;0.27;naturheilpraxis heinemann;1
naturheilpraxis heute 8 auflage;50;;0.92;1;HIGH;0.22;0.86;informational;Marken- & Praxisnamen;4;-40;;46.0;0.52;naturheilpraxis heute 8 auflage;1
naturheilpraxis im city medical center;50;;0.11;0.02;LOW;;;navigational;Marken- & Praxisnamen;5;-57;50;5.5;0.3;naturheilpraxis im city medical center;1
naturheilpraxis izolda ritter praxis für traditionelle chinesische medizin;50;;0.0;;;;;navigational;Marken- & Praxisnamen;8;;-100;0.0;0.27;naturheilpraxis izolda ritter praxis für traditionelle chinesische medizin;1
naturheilpraxis jenny reetmeyer;50;;0.0;0.03;LOW;;;navigational;Marken- & Praxisnamen;3;-71;-60;0.0;0.27;naturheilpraxis jenny reetmeyer;1
naturheilpraxis johannes tönnis;50;;0.0;0.01;LOW;;;navigational;Marken- & Praxisnamen;3;25;-44;0.0;0.27;naturheilpraxis johannes tönnis;1
naturheilpraxis kempf;50;;0.0;0.01;LOW;;;navigational;Marken- & Praxisnamen;2;-40;-57;0.0;0.27;naturheilpraxis kempf;1
naturheilpraxis kerstin mund;50;;0.0;0.06;LOW;;;informational;Marken- & Praxisnamen;3;;150;0.0;0.27;naturheilpraxis kerstin mund;1
naturheilpraxis tcm jiwen kuhr minden;50;;0.0;0.05;LOW;;;informational;Methoden & Therapien;5;-40;-40;0.0;0.27;naturheilpraxis tcm jiwen kuhr minden;1
was verdient ein heilpraktiker mit eigener praxis;50;;0.05;0.01;LOW;;;commercial;Jobs & Gehalt;;-29;67;2.5;0.28;was verdient ein heilpraktiker mit eigener praxis;1
beste heilpraktiker psychotherapie ausbildung online;40;;9.76;0.89;HIGH;2.32;7.07;commercial;Ausbildung & Prüfung;;-20;;390.4;2.56;beste heilpraktiker psychotherapie ausbildung online;1
heilpraktiker für psychotherapie vs psychotherapeut;40;;0.71;0.12;LOW;;;commercial;Heilpraktiker Psychotherapie;;;-40;28.4;0.41;heilpraktiker für psychotherapie vs psychotherapeut;1
heilpraktiker gehalt netto;40;;0.0;0.04;LOW;;;informational;Jobs & Gehalt;;33;-20;0.0;0.24;heilpraktiker gehalt netto;1
heilpraktiker in der nähe jetzt geöffnet;40;;0.47;0.18;LOW;;;navigational;Lokale Suche;;150;67;18.8;0.35;heilpraktiker in der nähe jetzt geöffnet;1
heilpraktiker prüfung bayern 2025;40;;0.0;;;;;informational;Ausbildung & Prüfung;;-100;-100;0.0;0.24;heilpraktiker prüfung bayern 2025;1
heilpraktiker psychotherapie ausbildung dauer;40;;2.58;0.74;HIGH;0.93;1.69;informational;Ausbildung & Prüfung;;50;-25;103.2;0.85;heilpraktiker psychotherapie ausbildung dauer;1
heilpraktiker psychotherapie online-ausbildung kosten;40;;4.62;0.87;HIGH;1.98;5.07;commercial;Ausbildung & Prüfung;;-25;;184.8;1.34;heilpraktiker psychotherapie online-ausbildung kosten;1
heilpraktiker verbot 2024;40;;0.0;0;LOW;;;informational;Marken- & Praxisnamen;;;-89;0.0;0.24;heilpraktiker verbot 2024;1
selbstständiger heilpraktiker gehalt;40;;0.0;0.02;LOW;;;informational;Jobs & Gehalt;;-50;-89;0.0;0.24;selbstständiger heilpraktiker gehalt;1
